noun,krasnyj,krasnovatyj,colour,code
цвет,211226,14435,#2effcc,color
дерево,60328,52,#dc7886,stuff
пятно,57666,3821,black,other
краска,53128,329,#600d96,impact
свет,51442,6188,#447e07,hum
глина,38873,2993,#dc7886,stuff
звезда,37224,332,#30ac6e,sign/form
лицо,28208,1526,#3ae1ff,space
окраска,25192,3575,#2effcc,color
глаз,24286,1289,black,other
полоса,22978,920,#16069c,time:period
цветок,22687,580,#e5935c,plant
луч,18688,1316,#3ae1ff,space
огонь,17705,918,#65f683,manif:disease
медь,17163,143,#dc7886,stuff
солнце,15336,509,#3ae1ff,space
песчаник,13170,903,#dc7886,stuff
фон,13068,536,#42c2b7,unit
нос,12954,594,black,other
охра,12916,227,#dc7886,stuff
водоросль,12319,46,#e5935c,plant
огонек,11822,1285,#dc7886,stuff
гранит,10439,310,#dc7886,stuff
рука,10393,311,#447e07,hum
тон,9794,2428,#2effcc,color
точка,9765,588,#179aa3,предел
полоска,9319,582,black,other
крыша,9008,46,black,other
черта,8951,66,#179aa3,предел
пламень,8531,1011,black,other
камень,8373,725,#e05478,образование
язык,8268,79,#447e07,hum
ягода,8040,54,#447e07,hum
звездочка,7772,57,#447e07,hum
круг,7344,158,#337194,form
кожа,6937,333,#dc7886,stuff
окрашивание,6660,183,black,other
шар,6506,102,#337194,form
ангоб,6501,368,black,other
лампочка,6386,89,#ac27ab,tool:device:@light
оттенок,6294,15038,#2effcc,color
золото,6273,169,#447e07,hum
лист,5938,506,#13fd9b,doc
плод,5869,58,#7781cd,результат?
песок,5167,1338,#9f4193,stuff/food
щека,5093,54,black,other
кайма,5010,309,#3ae1ff,space
зарево,4943,351,#7818ff,light
веко,4708,932,black,other
пигмент,4678,157,#dc7886,stuff
земля,4542,773,#3ae1ff,space
прожилка,4419,550,black,other
стена,4378,69,#edc788,form/quant:max
кристалл,4370,50,black,other
стекло,4177,43,#dc7886,stuff
отблеск,3887,2861,black,other
глазок,3885,526,#3ae1ff,space
свечение,3884,191,black,other
осадок,3748,134,#dc7886,stuff
искра,3545,211,#0f0ae2,manif
жидкость,3388,816,#c83e15,stuff/liq
пятнышко,3362,336,black,other
пыль,3292,1293,#dc7886,stuff
жилка,3118,474,black,other
скала,2642,655,#3ae1ff,space
отсвет,2604,1071,black,other
мрамор,2586,82,#dc7886,stuff
уголь,2570,56,#8bd31e,tool
диск,2515,200,#d2304e,tool/supporttext$
небо,2463,256,#3ae1ff,space
порода,2410,90,#dc7886,stuff
румянец,2367,95,#2effcc,color
туман,2349,528,#336b9b,weather
луна,2285,244,#3578fb,space/astr
трава,2261,226,#e5935c,plant
шерсть,2194,143,#dc7886,stuff
мергель,2173,66,#dc7886,stuff
вода,2147,523,#c83e15,stuff/liq
почва,2119,212,#1faba8,stuff/space
борода,2099,43,#4a0010,hair
облако,2093,317,black,other
палец,2067,88,#8bd31e,tool
след,2062,327,#325ef6,остаток
волос,2042,328,#dc7886,stuff
окно,1841,40,#72b286,time
рубец,1836,131,#56eaa7,food/блюдо
блик,1737,582,#7818ff,light
известняк,1663,379,#dc7886,stuff
кольцо,1640,46,#591e96,put
порошок,1633,41,#dc7886,stuff
крапинка,1444,159,black,other
сок,1404,72,#df96be,stuff/food/liq
гора,1403,127,#3ae1ff,space
край,1340,145,#3ae1ff,space
волна,1315,51,#0f0ae2,manif
лес,1303,78,#337194,form
участок,1299,52,#af7d78,org
сосна,1285,69,#e5935c,plant
ободок,1258,72,#3ae1ff,space
вспышка,1244,140,#ac27ab,tool:device:@light
рисунок,1230,114,#f3ca9a,внешний вид
ствол,1184,551,#8bd31e,tool
блеск,1161,393,#dc7886,stuff
язычок,1139,88,#8bd31e,tool
масло,1113,89,#dc7886,stuff
суглинок,1065,631,#dc7886,stuff
носик,1047,52,black,other
масса,1024,132,#d353af,quant:max
дым,1002,186,#dc7886,stuff
кремень,1001,105,#447e07,hum
отлив,968,1206,#2effcc,color
поверхность,920,342,#3ae1ff,space
пена,901,105,#dc7886,stuff
сияние,874,271,#7818ff,light
мякоть,862,62,#dc7886,stuff
молния,853,110,#8bd31e,tool
плавник,847,90,black,other
слой,834,89,#9bf24f,group
шрам,821,133,black,other
сыпь,813,45,black,other
обжиг,806,237,black,other
освещение,804,149,#e6e331,ment
штрих,743,101,black,other
кора,728,370,#dc7886,stuff
туф,711,46,#dc7886,stuff
холм,699,47,#3ae1ff,space
налет,628,415,#f83a7c,дополнитель
куст,614,62,#af7d78,org
тень,574,209,#447e07,hum
искорка,567,91,black,other
белка,485,195,#425f92,animal
жар,464,45,#c674fc,psych:emot
металл,401,86,#dc7886,stuff
основание,366,196,#dc7886,stuff
зрачок,360,40,black,other
волосок,342,189,#4a0010,hair
вершина,335,176,black,other
марс,330,97,black,other
загар,305,265,#a71f8c,stuff$
обрыв,305,46,#3ae1ff,space
грязь,300,40,#dc7886,stuff
накал,289,164,black,other
мгла,275,381,#45d9ff,light/neg
сумрак,244,350,#7818ff,light
стебель,241,226,black,other
ветвь,220,123,black,other
древесина,219,90,#dc7886,stuff
побег,214,187,#3f8a34,move
бронза,200,155,#dc7886,stuff
белок,191,63,#044723,stuff/thing
кожица,179,44,#dc7886,stuff
сердцевина,170,47,#dc7886,stuff
листочек,154,76,black,other
корка,150,61,#dc7886,stuff
колорит,146,51,#2effcc,color
железка,145,62,black,other
подпалина,120,42,black,other
чешуйка,96,65,#ec61ce,hair$
пар,95,47,#dc7886,stuff
щетина,93,42,#4a0010,hair
полумрак,86,167,#7818ff,light
бородка,85,77,#4a0010,hair
супесь,73,174,#dc7886,stuff
черешок,73,119,black,other
знамя,127166,10,#817a56,sign:знамя
флаг,112499,10,#817a56,sign:знамя
уголок,104861,10,#75e7c1,sign
карандаш,72513,10,#b44271,tool:instr
нить,70926,10,#337194,form
вино,52513,10,#df96be,stuff/food/liq
смещение,46437,10,black,other
девица,36157,10,#447e07,hum
крест,30784,10,#75e7c1,sign
партизан,29955,10,#561de1,hum/prof
командир,29241,10,#447e07,hum
террор,29236,10,#4fae4f,behav
линия,28847,10,#42c2b7,unit
армия,27955,10,black,other
клевер,27086,10,#2873cd,plant/flower/food:fodder
кирпич,26390,10,#75e7c1,sign
чернила,25349,10,#c83e15,stuff/liq
лента,24284,10,#f69eb8,workcin
словцо,24179,10,#9ce166,word
войско,23865,10,#af7d78,org
профессура,21139,10,black,other
флажок,20844,10,#30ac6e,sign/form
сукно,19863,10,#dc7886,stuff
часть,19516,10,#f023b4,poss
галстук,18737,10,#9a25d8,access
кровь,18494,10,#c83e15,stuff/liq
рубаха,18044,10,#966df4,tool:cloth
рыба,17292,10,#0bf228,text
платок,17016,10,#472532,linen/access
повязка,16659,10,#8bd31e,tool
волчанка,16389,10,#eee810,disease
роза,15581,10,#bae5fb,workart
строка,15504,10,#0bf228,text
бант,15204,10,#9a25d8,access
гигант,14694,10,#447e07,hum
полотнище,14449,10,black,other
смородина,13960,10,#e5935c,plant
перец,13561,10,#e5935c,plant
угол,13300,10,#3ae1ff,space
область,13102,10,#3ae1ff,space
полевка,12625,10,#425f92,animal
солнышко,12457,10,#447e07,hum
платье,12356,10,#966df4,tool:cloth
девушка,12027,10,#fa0f2e,hum:kin$/hum
ракета,11941,10,#7e7174,tool:transp
петух,11836,10,#1850c2,hum$
боец,11737,10,#447e07,hum
косынка,11314,10,#966df4,tool:cloth
фосфор,11097,10,#dc7886,stuff
рубашка,10783,10,#dc7886,stuff
губа,10540,10,#f25962,room
день,10359,10,#16069c,time:period
бархат,10181,10,#dc7886,stuff
следопыт,10052,10,#447e07,hum
материя,9841,10,#dc7886,stuff
шапка,9193,10,#0bf228,text
ленточка,8767,10,black,other
директор,8476,10,#447e07,hum
поле,8401,10,#3ae1ff,space
конница,8295,10,#9bf24f,group
отряд,8205,10,#9bf24f,group
ядро,8177,10,#8bd31e,tool
фонарь,8133,10,#ac27ab,tool:device:@light
буква,7800,10,#e6e331,ment
тряпка,7798,10,#447e07,hum
гвардия,7589,10,black,other
сторона,7567,10,#54ab70,asp:ment
шапочка,7207,10,black,other
плащ,7191,10,#966df4,tool:cloth
товар,7135,10,#0192d4,thing
икра,7046,10,#9f4193,stuff/food
конь,6999,10,#8bd31e,tool
ковер,6276,10,#dc7886,stuff
полк,6220,10,#af7d78,org
пояс,6192,10,#3ae1ff,space
гвоздика,6080,10,#e5935c,plant
мак,5990,10,#dc7886,stuff
шелк,5949,10,#dc7886,stuff
нитка,5923,10,#337194,form
околыш,5921,10,black,other
офицер,5780,10,#fefbb8,tool/tool:game
опасность,5665,10,black,other
печать,5633,10,#75e7c1,sign
каление,5386,10,#80d5b9,temper$
стяг,5338,10,#817a56,sign:знамя
обоз,5273,10,black,other
книжечка,5180,10,black,other
фронт,4979,10,#3ae1ff,space
юрта,4945,10,#a24092,constr
колпак,4936,10,#447e07,hum
одежда,4932,10,#dc7886,stuff
кафтан,4909,10,#966df4,tool:cloth
профсоюз,4850,10,#cfb8f6,org/group
чайхана,4835,10,#af7d78,org
бумага,4806,10,#dc7886,stuff
шарик,4774,10,#425f92,animal
черепица,4706,10,black,other
яблоко,4676,10,#ddac3b,fruit/food
феска,4657,10,#966df4,tool:cloth
конник,4604,10,#447e07,hum
вымпел,4599,10,#75e7c1,sign
кушак,4556,10,#9a25d8,access
граница,4538,10,#179aa3,предел
крыло,4502,10,black,other
воин,4439,10,#561de1,hum/prof
шлам,4428,10,black,other
фуражка,4395,10,#966df4,tool:cloth
лак,4349,10,#dc7886,stuff
ткань,4326,10,#dc7886,stuff
мундир,4303,10,#966df4,tool:cloth
светофильтр,4290,10,black,other
штаны,4286,10,#966df4,tool:cloth
шарф,4226,10,#174670,tool:cloth/access
лампас,4207,10,black,other
сигнал,4196,10,#f69a42,speech
скатерть,4167,10,#5e7dff,linen
платочек,4068,10,black,other
дом,4021,10,#af7d78,org
мышца,3962,10,black,other
кхмер,3939,10,#dda730,hum:etn
девка,3895,10,#447e07,hum
диплом,3851,10,#0bf228,text
яйцо,3837,10,#efd59c,food
воротник,3834,10,black,other
стол,3816,10,#3ae1ff,space
конец,3805,10,#7e335c,be:disapp
карлик,3799,10,#3578fb,space/astr
крыльцо,3766,10,black,other
слово,3743,10,#0bf228,text
эмаль,3733,10,#dc7886,stuff
столица,3708,10,#3ae1ff,space
петроград,3659,10,black,other
комиссар,3636,10,#561de1,hum/prof
командование,3634,10,black,other
доска,3629,10,#8bd31e,tool
москва,3612,10,black,other
сафьян,3537,10,#dc7886,stuff
сапог,3508,10,#608ab4,tool:cloth:@boot
сарафан,3502,10,#966df4,tool:cloth
кавалерия,3442,10,black,other
лисица,3440,10,#447e07,hum
зверь,3407,10,#1850c2,hum$
бригада,3348,10,#9bf24f,group
перо,3271,10,#b44271,tool:instr
казак,3264,10,#447e07,hum
стрелок,3263,10,#561de1,hum/prof
шея,3259,10,black,other
папка,3258,10,#45b139,hum:kin
солдат,3258,10,#447e07,hum
фронтовик,3208,10,#447e07,hum
раствор,3200,10,#dc7886,stuff
подкладка,3096,10,#dc7886,stuff
лежень,3066,10,#447e07,hum
заря,3064,10,#d401b6,sound
сверхгигант,3054,10,black,other
железняк,3029,10,#dc7886,stuff
куртка,3017,10,#966df4,tool:cloth
стрела,3005,10,#7e7174,tool:transp
стрелка,2977,10,#abb615,tool:device
верх,2962,10,#3ae1ff,space
яшма,2952,10,#c3eb54,jewel
россия,2944,10,black,other
переплет,2931,10,#dc7886,stuff
кнопка,2929,10,#447e07,hum
юбка,2923,10,#447e07,hum
кант,2867,10,black,other
книга,2864,10,#0bf228,text
рожа,2833,10,#447e07,hum
сапожок,2829,10,black,other
полумесяц,2824,10,#77baaf,форма
чум,2792,10,#a24092,constr
кавалерист,2764,10,#561de1,hum/prof
щит,2757,10,#3ae1ff,space
кумач,2654,10,#dc7886,stuff
здание,2645,10,#a24092,constr
халат,2637,10,#966df4,tool:cloth
волк,2630,10,#425f92,animal
горка,2577,10,#706864,move/move:fig
цена,2545,10,black,other
рот,2541,10,#447e07,hum
колесо,2530,10,#7e7174,tool:transp
помидор,2525,10,#e5935c,plant
терем,2496,10,#f25962,room
молодежь,2489,10,black,other
сдвиг,2486,10,#3f8a34,move
профессор,2454,10,#447e07,hum
закат,2432,10,#7818ff,light
гроб,2399,10,#8bd31e,tool
цифра,2366,10,#75e7c1,sign
клетка,2360,10,#8bd31e,tool
призрак,2360,10,#512e22,hum:supernat
питер,2358,10,black,other
генерал,2323,10,#1be049,hum/armpos
дорожка,2309,10,#8bd31e,tool
ряд,2301,10,#337194,form
пульпа,2296,10,#dc7886,stuff
ухо,2276,10,#8bd31e,tool
китай,2263,10,black,other
тушь,2263,10,#dc7886,stuff
машина,2258,10,#7e7174,tool:transp
лампа,2251,10,#ac27ab,tool:device:@light
лоскут,2240,10,#3ae1ff,space
обложка,2237,10,black,other
мантия,2235,10,#dc7886,stuff
фильтр,2233,10,#8bd31e,tool
яичко,2204,10,#efd59c,food
бантик,2193,10,black,other
воск,2186,10,#dc7886,stuff
отворот,2183,10,#3ae1ff,space
капля,2176,10,black,other
треугольник,2175,10,#9bf24f,group
книжка,2152,10,#13fd9b,doc
тюльпан,2148,10,#e5935c,plant
кружок,2130,10,#9bf24f,group
головка,2130,10,#9bf24f,group
сургуч,2116,10,#dc7886,stuff
голова,2095,10,#447e07,hum
курсант,2086,10,#447e07,hum
вагон,2078,10,#7e7174,tool:transp
зерно,2066,10,#efd59c,food
лето,2042,10,#dd7995,time/time:season
герой,2016,10,#447e07,hum
птица,2016,10,#1850c2,hum$
свитер,1989,10,#966df4,tool:cloth
каблук,1973,10,black,other
кофта,1972,10,#966df4,tool:cloth
сорт,1964,10,#a0b5e5,hier
сотня,1961,10,#761434,money:banknote
человек,1958,10,#447e07,hum
форма,1957,10,#8bd31e,tool
люминесценция,1943,10,black,other
яранга,1934,10,#a24092,constr
узор,1904,10,#be746a,pattern
империализм,1902,10,black,other
рябина,1901,10,#ddac3b,fruit/food
бумажка,1892,10,#761434,money:banknote
крестик,1873,10,black,other
подушка,1859,10,#8bd31e,tool
лапка,1859,10,#75e7c1,sign
кофточка,1856,10,black,other
шаль,1845,10,#966df4,tool:cloth
мясо,1845,10,#dc7886,stuff
власть,1835,10,black,other
прилив,1834,10,#336b9b,weather
жилет,1817,10,#5f8050,tool/tool:cloth$
надпись,1769,10,#0bf228,text
звон,1758,10,#f69a42,speech
кисть,1747,10,#efd59c,food
майка,1721,10,#966df4,tool:cloth
фонарик,1720,10,black,other
берет,1707,10,#966df4,tool:cloth
боксит,1706,10,#dc7886,stuff
смешение,1684,10,black,other
дивизия,1672,10,#af7d78,org
квадрат,1657,10,#75e7c1,sign
специалист,1651,10,#561de1,hum/prof
комната,1649,10,#f25962,room
атлас,1649,10,#dc7886,stuff
парус,1647,10,#8bd31e,tool
зона,1639,10,#3ae1ff,space
пехота,1634,10,black,other
керамика,1631,10,black,other
газета,1600,10,#756141,text/media
соль,1586,10,#dc7886,stuff
туфля,1560,10,black,other
морковь,1545,10,#e5935c,plant
погон,1544,10,#9a25d8,access
число,1507,10,#72b286,time
полотно,1500,10,#bae5fb,workart
весна,1496,10,#dd7995,time/time:season
свекла,1493,10,#e5935c,plant
труба,1492,10,#eee91a,tool:mus
корова,1491,10,#1850c2,hum$
клюв,1488,10,black,other
чулок,1479,10,#77baaf,форма
плакат,1475,10,#bae5fb,workart
максимум,1472,10,#d353af,quant:max
пропаганда,1471,10,black,other
хвост,1469,10,#447e07,hum
свадьба,1466,10,#34e1e1,action
нога,1457,10,black,other
кресло,1449,10,#596757,tool:furn
гранат,1449,10,#e5935c,plant
казарма,1444,10,#a24092,constr
угроза,1443,10,#f69a42,speech
ртуть,1442,10,#dc7886,stuff
масть,1440,10,#2effcc,color
костюм,1439,10,#966df4,tool:cloth
шаровары,1433,10,#966df4,tool:cloth
плюш,1432,10,#dc7886,stuff
моряк,1431,10,#447e07,hum
алевролит,1421,10,black,other
коралл,1419,10,#c3eb54,jewel
ситец,1412,10,#dc7886,stuff
бронепоезд,1408,10,#7e7174,tool:transp
снег,1401,10,#336b9b,weather
уголек,1385,10,black,other
камзол,1384,10,#966df4,tool:cloth
шнур,1372,10,#8bd31e,tool
материал,1372,10,#dc7886,stuff
гроздь,1366,10,black,other
сестра,1342,10,#447e07,hum
аргиллит,1334,10,black,other
выпушка,1322,10,#dc7886,stuff
обшлаг,1317,10,black,other
вещество,1313,10,#dc7886,stuff
пасть,1306,10,black,other
капуста,1303,10,#e5935c,plant
дракон,1290,10,#425f92,animal
сволочь,1284,10,#447e07,hum
дата,1271,10,#72b286,time
шнурок,1266,10,#8bd31e,tool
фломастер,1265,10,#b44271,tool:instr
шляпа,1261,10,#447e07,hum
соус,1261,10,#dc7886,stuff
маршал,1256,10,#1be049,hum/armpos
пальто,1253,10,#966df4,tool:cloth
гребень,1251,10,#77baaf,форма
значок,1250,10,#75e7c1,sign
домик,1246,10,#febcc0,constr:@build
смерть,1232,10,#d353af,quant:max
домино,1232,10,#447e07,hum
лепесток,1229,10,#337194,form
календарь,1229,10,#7bde0d,time?
одеяние,1228,10,black,other
одеяло,1220,10,#c0fefb,tool:@bedding
вечер,1213,10,#34e1e1,action
республика,1205,10,#494d05,org$/space
вождь,1202,10,#447e07,hum
фрак,1194,10,#966df4,tool:cloth
свитка,1189,10,black,other
абажур,1176,10,black,other
цветочек,1171,10,#140922,hum$@
излучение,1170,10,black,other
смех,1155,10,#a2358d,manif:emot
сатин,1152,10,#dc7886,stuff
светофор,1150,10,#abb615,tool:device
петлица,1148,10,#75e7c1,sign
флот,1146,10,#af7d78,org
лапа,1142,10,black,other
бусы,1140,10,#9a25d8,access
двор,1137,10,#af7d78,org
планета,1136,10,#3578fb,space/astr
флуоресценция,1133,10,black,other
башмак,1111,10,#8bd31e,tool
милитаризм,1106,10,black,other
физиономия,1101,10,black,other
месяц,1099,10,#3578fb,space/astr
ливрея,1097,10,#966df4,tool:cloth
росток,1093,10,#0f0ae2,manif
рыбка,1078,10,#447e07,hum
сила,1070,10,#d353af,quant:max
дуга,1069,10,#8bd31e,tool
десант,1057,10,#9bf24f,group
коробочка,1051,10,#76a8e2,fruit
автобус,1049,10,#7e7174,tool:transp
автомобиль,1047,10,#7e7174,tool:transp
летчик,1041,10,#561de1,hum/prof
жупан,1038,10,#966df4,tool:cloth
конгломерат,1035,10,#dc7886,stuff
развод,1032,10,#55e2f0,inter:прекращение
занавес,1024,10,#8bd31e,tool
финн,1024,10,#dda730,hum:etn
окись,1023,10,#dc7886,stuff
ручка,1020,10,#b44271,tool:instr
нашивка,1020,10,#600d96,impact
лоскуток,1019,10,black,other
платьице,1017,10,black,other
дермографизм,1016,10,black,other
ворота,1007,10,#a24092,constr
собака,1002,10,#425f92,animal
лев,1000,10,#1850c2,hum$
бык,991,10,#425f92,animal
море,987,10,#d353af,quant:max
всадник,985,10,#447e07,hum
диван,983,10,#596757,tool:furn
помада,982,10,#dc7886,stuff
кулак,981,10,#447e07,hum
занавеска,980,10,#8bd31e,tool
тесьма,973,10,#dc7886,stuff
дева,965,10,#447e07,hum
тельце,956,10,#dc7886,stuff
н,951,10,black,other
орел,950,10,#1850c2,hum$
ноготь,947,10,black,other
город,940,10,#3ae1ff,space
бандитизм,937,10,black,other
краситель,925,10,#dc7886,stuff
сурок,925,10,#425f92,animal
струйка,923,10,black,other
обрез,917,10,#0df16c,tool:weapon
паста,915,10,#dc7886,stuff
башня,910,10,#a24092,constr
кружочек,907,10,black,other
рамка,906,10,#179aa3,предел
комплекс,902,10,black,other
листва,894,10,black,other
корпус,893,10,#af7d78,org
шифер,893,10,#dc7886,stuff
батарея,891,10,#aa3a15,form/кол-во
столб,889,10,#a24092,constr
утка,887,10,#f69a42,speech
река,885,10,#d353af,quant:max
площадь,877,10,#8a590f,room/space
помпон,877,10,#9a25d8,access
струя,874,10,#7af043,?
бок,873,10,#3ae1ff,space
стрептоцид,864,10,black,other
тряпочка,862,10,black,other
матрос,860,10,#561de1,hum/prof
зараза,853,10,#447e07,hum
зонтик,845,10,#8bd31e,tool
покрывало,845,10,#c0fefb,tool:@bedding
кружка,844,10,#8bd31e,tool
свеча,843,10,#77baaf,форма
мухомор,842,10,#e5935c,plant
транспарант,841,10,#f862de,supporttext
купец,837,10,#447e07,hum
игла,834,10,#ec61ce,hair$
модификация,832,10,black,other
каемка,828,10,black,other
рубин,827,10,#c3eb54,jewel
дьявол,822,10,#447e07,hum
галифе,821,10,#966df4,tool:cloth
церковь,820,10,#a24092,constr
лужа,817,10,#3ae1ff,space
сердце,816,10,#c674fc,psych:emot
волокно,813,10,#dc7886,stuff
сокол,811,10,#1850c2,hum$
гребешок,810,10,#425f92,animal
железо,805,10,#dc7886,stuff
кусок,804,10,black,other
знак,802,10,#0f0ae2,manif
дуб,798,10,#447e07,hum
суббота,798,10,#40e422,time:week
разведчик,794,10,#7e7174,tool:transp
книжица,790,10,black,other
тело,783,10,#0192d4,thing
фигура,783,10,#447e07,hum
пиджак,780,10,#966df4,tool:cloth
роспись,778,10,#bae5fb,workart
тетрадь,776,10,#0192d4,thing
карточка,775,10,#751221,text$
компонент,773,10,black,other
виноград,766,10,#e5935c,plant
розетка,765,10,#bae5fb,workart
система,765,10,#abb615,tool:device
шляпка,758,10,#966df4,tool:cloth
камешек,753,10,black,other
рак,748,10,#eee810,disease
ниточка,743,10,black,other
порфир,741,10,#dc7886,stuff
бабочка,741,10,#9a25d8,access
башлык,741,10,#966df4,tool:cloth
чума,739,10,black,other
трамвай,737,10,#7e7174,tool:transp
туфелька,735,10,black,other
вывеска,732,10,#f862de,supporttext
батальон,731,10,#af7d78,org
изразец,730,10,black,other
лиса,729,10,#dc7886,stuff
бакен,728,10,#8bd31e,tool
ладонь,721,10,black,other
охранник,720,10,#561de1,hum/prof
бровь,720,10,black,other
пелена,720,10,#dc7886,stuff
тыл,718,10,#3ae1ff,space
лампада,717,10,#ac27ab,tool:device:@light
казачество,710,10,black,other
кисточка,707,10,black,other
перевязь,706,10,black,other
телефон,703,10,#0bf228,text
калина,699,10,#9aec4e,plant:@bush
артиллерия,698,10,black,other
гриб,697,10,#e5935c,plant
муравей,691,10,#425f92,animal
брызги,689,10,#dc7886,stuff
шрифт,689,10,black,other
затылок,687,10,#3ae1ff,space
тряпица,686,10,black,other
клен,676,10,#e5935c,plant
сланец,674,10,#dc7886,stuff
карта,673,10,#8bd31e,tool
носок,671,10,#966df4,tool:cloth
колпачок,670,10,black,other
косоворотка,664,10,#966df4,tool:cloth
кровля,664,10,black,other
лилия,662,10,#e5935c,plant
ящик,662,10,#af7d78,org
кокарда,662,10,#75e7c1,sign
поясок,660,10,black,other
дичь,659,10,#3ae1ff,space
морда,657,10,black,other
эшелон,656,10,#7e7174,tool:transp
бандит,649,10,#447e07,hum
вымысел,649,10,#e6e331,ment
флотилия,648,10,#9bf24f,group
хитон,644,10,#966df4,tool:cloth
чай,643,10,#df96be,stuff/food/liq
сторно,641,10,black,other
скот,639,10,#447e07,hum
лозунг,639,10,#0bf228,text
кубик,638,10,#337194,form
орден,637,10,#9bf24f,group
червь,633,10,#c674fc,psych:emot
яхонт,631,10,#c3eb54,jewel
союз,629,10,#cfb8f6,org/group
черт,628,10,#447e07,hum
царицын,623,10,black,other
резина,622,10,#dc7886,stuff
ножка,620,10,#8bd31e,tool
караван,619,10,black,other
вышивка,619,10,#be746a,pattern
киноварь,617,10,#dc7886,stuff
лава,612,10,#a72c7e,move:body
герань,611,10,#e5935c,plant
цепь,609,10,#337194,form
змея,608,10,#1850c2,hum$
контур,606,10,#e5cdf1,ракурс
граф,603,10,#447e07,hum
маска,603,10,#dc7886,stuff
корочка,602,10,#13fd9b,doc
горошек,601,10,#e5935c,plant
обои,599,10,#dc7886,stuff
черепок,597,10,#dc7886,stuff
коробка,597,10,#8bd31e,tool
юфть,595,10,#dc7886,stuff
место,594,10,#8bd31e,tool
подушечка,594,10,#447deb,food/изделие
факел,591,10,#83f7ad,tool:@light
листок,591,10,#13fd9b,doc
пожар,590,10,#0f0ae2,manif
колос,589,10,black,other
эскадрон,588,10,#af7d78,org
дьяволенок,585,10,#447e07,hum
билет,585,10,#13fd9b,doc
ягодка,582,10,#447e07,hum
султан,580,10,#9a25d8,access
гостиная,576,10,#f25962,room
гниль,574,10,#9f4193,stuff/food
башмачок,570,10,black,other
республиканец,568,10,#447e07,hum
фараон,568,10,#277fc6,game/cardgame
лампадка,568,10,black,other
помощь,565,10,#447e07,hum
брюки,563,10,#966df4,tool:cloth
берег,561,10,#3ae1ff,space
ворот,558,10,#abb615,tool:device
лощение,554,10,black,other
революция,553,10,black,other
панталоны,551,10,#966df4,tool:cloth
каблучок,536,10,black,other
кварцит,533,10,black,other
палатка,533,10,#a24092,constr
петушок,532,10,black,other
мотоцикл,532,10,#7e7174,tool:transp
перчатка,530,10,#5f8050,tool/tool:cloth$
бузина,530,10,#e5935c,plant
асимметрия,530,10,black,other
свита,530,10,#966df4,tool:cloth
дверь,523,10,#3ae1ff,space
малина,521,10,#65df59,space/room
овсяница,521,10,#24425d,plant/food:fodder
грудь,520,10,black,other
око,518,10,black,other
корабль,518,10,#7e7174,tool:transp
спектр,515,10,#2effcc,color
май,515,10,#d543f1,time:month
д,513,10,black,other
пунктир,512,10,#3ae1ff,space
пустыня,511,10,#3ae1ff,space
колония,509,10,#3ae1ff,space
черкеска,508,10,#966df4,tool:cloth
мяч,508,10,#8bd31e,tool
трусы,506,10,#966df4,tool:cloth
черточка,506,10,#75e7c1,sign
октябрь,503,10,#d543f1,time:month
сердолик,503,10,#c3eb54,jewel
костер,501,10,#3ae1ff,space
стан,501,10,#ac3e47,tool/tool:device:@machine
повстанец,499,10,#447e07,hum
шкатулка,497,10,#8bd31e,tool
змейка,490,10,#425f92,animal
окантовка,489,10,#3ae1ff,space
пион,487,10,#e5935c,plant
трико,487,10,#966df4,tool:cloth
предмет,485,10,#e6e331,ment
сумка,485,10,#8bd31e,tool
лошадь,481,10,#1850c2,hum$
туча,480,10,#d353af,quant:max
зал,480,10,#f25962,room
продукт,478,10,#efd59c,food
вишня,477,10,#e5935c,plant
агитатор,476,10,#561de1,hum/prof
ткач,473,10,#561de1,hum/prof
коммунар,472,10,#447e07,hum
отметка,471,10,#f51346,schoolmark
полководец,471,10,#1be049,hum/armpos
коленкор,470,10,#dc7886,stuff
поток,470,10,#9bf24f,group
корона,470,10,#117c4e,tool:cloth$
предел,470,10,#3ae1ff,space
плавка,466,10,#dc7886,stuff
мешочек,465,10,black,other
личико,465,10,black,other
паучок,463,10,black,other
банда,463,10,#9bf24f,group
нечисть,463,10,#512e22,hum:supernat
шум,462,10,#d401b6,sound
корень,461,10,black,other
мебель,457,10,black,other
соединение,453,10,#dc7886,stuff
тюрбан,452,10,#966df4,tool:cloth
сателлит,448,10,#494d05,org$/space
накидка,446,10,#9cbc12,tool:@bedding/linen
рукав,445,10,#8bd31e,tool
пахарь,445,10,#561de1,hum/prof
футболка,442,10,#966df4,tool:cloth
п,440,10,black,other
сильвинит,440,10,black,other
авиация,439,10,black,other
песня,438,10,#d401b6,sound
купальник,438,10,#966df4,tool:cloth
бешмет,438,10,#966df4,tool:cloth
сполохи,438,10,#e360ef,weather/light
все,436,10,black,other
драпировка,434,10,#dc7886,stuff
дождь,433,10,#336b9b,weather
объект,430,10,#0192d4,thing
лодка,430,10,#7e7174,tool:transp
паспорт,429,10,#13fd9b,doc
теплушка,428,10,#a24092,constr
орнамент,427,10,#be746a,pattern
оторочка,426,10,#dc7886,stuff
пятнистость,425,10,black,other
царь,424,10,#447e07,hum
идея,423,10,#e6e331,ment
околышек,422,10,black,other
мир,420,10,#d0078a,inter
бусинка,420,10,black,other
поплавок,418,10,#af7d78,org
зонт,417,10,#8bd31e,tool
трусики,417,10,#966df4,tool:cloth
р,417,10,black,other
боб,415,10,#e5935c,plant
уголья,413,10,black,other
яблочко,409,10,#51db29,workmus/dance
колонна,409,10,#a24092,constr
фашизм,408,10,black,other
красота,408,10,black,other
метка,407,10,#55ef67,impact?
грудка,405,10,black,other
оперение,404,10,#ec61ce,hair$
капелька,402,10,#447e07,hum
с,401,10,black,other
роман,401,10,#d0078a,inter
дъвица,401,10,black,other
детство,399,10,#16069c,time:period
китаец,396,10,#dda730,hum:etn
повозка,396,10,#7e7174,tool:transp
гранула,396,10,black,other
сандал,396,10,#dc7886,stuff
губка,393,10,#8bd31e,tool
питие,392,10,black,other
разновидность,392,10,black,other
узелок,391,10,black,other
зарница,391,10,#e360ef,weather/light
район,390,10,#3ae1ff,space
чалма,389,10,#966df4,tool:cloth
обивка,388,10,#dc7886,stuff
блузка,387,10,#966df4,tool:cloth
правительство,386,10,#cfb8f6,org/group
подарок,386,10,#0192d4,thing
иероглиф,386,10,#75e7c1,sign
они,385,10,black,other
жизнь,384,10,#7e29d5,be:exist
щечка,384,10,black,other
кончик,383,10,black,other
граната,383,10,#0df16c,tool:weapon
денек,382,10,black,other
иго,382,10,#8ff964,воздействие на человека
георгин,377,10,#e5935c,plant
тесемка,375,10,#dc7886,stuff
трибуна,371,10,#a24092,constr
винцо,370,10,black,other
наряд,368,10,#9bf24f,group
дорога,368,10,#3f8a34,move
облицовка,367,10,#dc7886,stuff
империя,366,10,#af7d78,org
губернатор,366,10,#447e07,hum
партия,363,10,#447e07,hum
пряжа,363,10,#dc7886,stuff
адмирал,362,10,#1be049,hum/armpos
фуфайка,362,10,#966df4,tool:cloth
бахрома,361,10,#dc7886,stuff
раса,360,10,black,other
меч,360,10,#0df16c,tool:weapon
артиллерист,357,10,#561de1,hum/prof
камка,356,10,#dc7886,stuff
десятилетие,356,10,#16069c,time:period
разность,355,10,black,other
жена,355,10,#447e07,hum
призма,354,10,#967d0f,form:geom
он,353,10,#fa0f2e,hum:kin$/hum
квадратик,352,10,black,other
шишка,351,10,#447e07,hum
штык,351,10,#d6a3c5,unit$
пластинка,350,10,#8bd31e,tool
гарус,350,10,#dc7886,stuff
телок,347,10,#425f92,animal
праздник,347,10,#34e1e1,action
гамма,346,10,black,other
учитель,346,10,#447e07,hum
сережка,346,10,#9a25d8,access
арбуз,346,10,#e5935c,plant
поп,345,10,#8bd31e,tool
мел,344,10,#67274b,stuff/tool
туша,344,10,#447e07,hum
сланцы,344,10,black,other
бутон,343,10,black,other
пузырь,337,10,#447e07,hum
футляр,337,10,#8bd31e,tool
бисер,335,10,black,other
штанишки,332,10,black,other
ботинок,330,10,#608ab4,tool:cloth:@boot
штоф,330,10,#42c2b7,unit
слеза,329,10,#dc7886,stuff
смола,328,10,#447e07,hum
самолет,328,10,#7e7174,tool:transp
молодец,326,10,#447e07,hum
прямоугольник,326,10,#75e7c1,sign
коршун,326,10,#425f92,animal
рана,326,10,black,other
избушка,325,10,black,other
палач,324,10,#447e07,hum
столбик,324,10,#337194,form
милиция,324,10,#af7d78,org
шлык,320,10,black,other
эмиссия,319,10,black,other
тридцатка,319,10,black,other
душа,319,10,#447e07,hum
рота,319,10,#af7d78,org
борщ,318,10,#ce8a26,stuff/food/liq/блюдо
пищуха,318,10,black,other
попугай,317,10,#1850c2,hum$
пшеница,317,10,#e5935c,plant
сундук,315,10,#0fed77,tool/tool:furn
удостоверение,315,10,#13fd9b,doc
список,315,10,#0bf228,text
сумочка,312,10,black,other
пленка,310,10,#dc7886,stuff
сурик,309,10,#dc7886,stuff
ярлык,309,10,#076c24,word/speech
способ,309,10,#3da847,asp
ластовица,309,10,black,other
похороны,308,10,#34e1e1,action
она,308,10,black,other
мазок,307,10,#883efb,Sres
лоб,307,10,#447e07,hum
фасоль,307,10,#e5935c,plant
крышка,306,10,#7e335c,be:disapp
диктатура,305,10,black,other
пакет,305,10,#8bd31e,tool
олень,304,10,#425f92,animal
лысина,303,10,#3ae1ff,space
копье,302,10,#409a26,money
портфель,302,10,#8bd31e,tool
курточка,302,10,black,other
портвейн,301,10,#df96be,stuff/food/liq
восход,298,10,#72b286,time
томат,296,10,#e5935c,plant
доломан,296,10,black,other
ком,293,10,black,other
мадьяр,293,10,#dda730,hum:etn
спец,292,10,#447e07,hum
невеста,291,10,#fa0f2e,hum:kin$/hum
ноздря,291,10,black,other
бычок,291,10,#0192d4,thing
размягчение,290,10,black,other
томик,288,10,black,other
седло,287,10,#337194,form
ушко,287,10,#9f4193,stuff/food
точечка,286,10,black,other
рубашечка,284,10,black,other
вяз,284,10,#e5935c,plant
чашка,283,10,#337194,form
мед,282,10,#df96be,stuff/food/liq
кремль,281,10,#ef4f5f,constr/space
бук,280,10,#e5935c,plant
штаб,280,10,#fb6d69,org/space
половина,279,10,#45b139,hum:kin
командарм,279,10,#1be049,hum/armpos
ручища,278,10,black,other
зуб,278,10,#8bd31e,tool
комочек,278,10,black,other
пуговица,277,10,#8bd31e,tool
пол,276,10,#3ae1ff,space
марево,275,10,#dc7886,stuff
сгусток,275,10,black,other
шпион,275,10,#447e07,hum
сандалия,275,10,black,other
жесть,274,10,#dc7886,stuff
лук,274,10,#e5935c,plant
полымя,273,10,#dc7886,stuff
дно,273,10,black,other
ромб,272,10,#75e7c1,sign
село,272,10,#3ae1ff,space
фартук,272,10,#8bd31e,tool
туника,272,10,#966df4,tool:cloth
погост,271,10,#3ae1ff,space
гарнизон,271,10,#fb6d69,org/space
отделка,268,10,#600d96,impact
пачка,268,10,#966df4,tool:cloth
столовая,268,10,#af7d78,org
интернационал,267,10,#a2465b,workmus
подбой,267,10,#dc7886,stuff
жижа,266,10,#c83e15,stuff/liq
портьера,266,10,#fd0d94,tool:штора
верба,266,10,#e5935c,plant
тафта,265,10,#dc7886,stuff
лацкан,265,10,black,other
буй,265,10,#8bd31e,tool
вставка,263,10,#591e96,put
сетка,263,10,#8bd31e,tool
ржавчина,263,10,#447e07,hum
тога,262,10,#966df4,tool:cloth
штора,260,10,#fd0d94,tool:штора
отметина,260,10,#75e7c1,sign
хохолок,257,10,black,other
джемпер,257,10,#966df4,tool:cloth
рейтузы,256,10,#966df4,tool:cloth
варежка,256,10,#966df4,tool:cloth
неделя,256,10,#34e1e1,action
доброволец,255,10,#447e07,hum
парча,255,10,#dc7886,stuff
темляк,255,10,#8bd31e,tool
посуда,255,10,#b2ed6f,tool:dish
передник,253,10,#5f8050,tool/tool:cloth$
венчик,253,10,#9a25d8,access
афиша,253,10,#0bf228,text
палочка,253,10,#ff2afa,living
десна,253,10,black,other
горошина,251,10,#ddac3b,fruit/food
косыночка,248,10,black,other
пигментация,247,10,black,other
змей,246,10,#447e07,hum
силуэт,245,10,#3ae1ff,space
стержень,245,10,black,other
вера,244,10,#e6e331,ment
кочет,244,10,#425f92,animal
занавесь,244,10,black,other
лакей,243,10,#447e07,hum
атаман,243,10,#447e07,hum
покров,242,10,#c0fefb,tool:@bedding
плат,242,10,#966df4,tool:cloth
капот,242,10,black,other
баррикада,242,10,#a24092,constr
всполох,241,10,black,other
тесто,241,10,#dc7886,stuff
шлем,240,10,#5f8050,tool/tool:cloth$
кедр,239,10,#e5935c,plant
разведка,238,10,#af7d78,org
губерния,237,10,#3ae1ff,space
лагерь,237,10,#9bf24f,group
минерал,237,10,#d33df9,stone
гиматий,237,10,black,other
ус,237,10,#4a0010,hair
полог,236,10,#8bd31e,tool
обувь,236,10,black,other
облак,236,10,black,other
м,235,10,black,other
пожарный,235,10,#561de1,hum/prof
присяга,234,10,#34e1e1,action
шуба,233,10,#ec61ce,hair$
царевна,233,10,#447e07,hum
юбочка,233,10,black,other
денечек,232,10,black,other
этикетка,232,10,#75e7c1,sign
кусочек,232,10,black,other
фуляр,231,10,#dc7886,stuff
стул,230,10,#dc7886,stuff
ермолка,230,10,#966df4,tool:cloth
ветер,230,10,#336b9b,weather
брюшко,230,10,black,other
богатырь,229,10,#447e07,hum
влага,229,10,#dc7886,stuff
пальтишко,229,10,black,other
жабра,228,10,black,other
шарфик,228,10,black,other
делибаш,227,10,black,other
сильвин,226,10,black,other
сноп,224,10,black,other
вагончик,223,10,#81f528,constr:@hut
лоза,223,10,#337194,form
юшка,223,10,black,other
интервенция,223,10,#c38ade,воздействие?
это,222,10,black,other
личинка,222,10,#425f92,animal
соцветие,222,10,black,other
спина,221,10,black,other
разъезд,220,10,#3ae1ff,space
перышко,220,10,#ec61ce,hair$
потоп,220,10,#336b9b,weather
семя,220,10,#dc7886,stuff
забор,219,10,#f023b4,poss
камушек,217,10,black,other
птичка,217,10,#75e7c1,sign
ставня,216,10,black,other
зоря,216,10,black,other
шиповник,216,10,#df96be,stuff/food/liq
кибитка,216,10,#7e7174,tool:transp
татарин,214,10,#dda730,hum:etn
складка,214,10,#f3ca9a,внешний вид
прыщ,214,10,black,other
сват,214,10,#45b139,hum:kin
бусина,213,10,black,other
блуза,213,10,#966df4,tool:cloth
год,212,10,#20b9b5,time:age
страна,212,10,#3ae1ff,space
элемент,211,10,#dc7886,stuff
задок,210,10,black,other
светодиод,210,10,black,other
рубашоночка,210,10,black,other
утес,210,10,#3ae1ff,space
бордо,210,10,black,other
костянка,209,10,#76a8e2,fruit
ил,209,10,#dc7886,stuff
наволочка,208,10,#9cbc12,tool:@bedding/linen
оттенение,208,10,black,other
комбинезон,208,10,#966df4,tool:cloth
просвет,207,10,#7af043,?
юность,207,10,#20b9b5,time:age
петушки,207,10,black,other
сопли,206,10,#dc7886,stuff
кисет,206,10,black,other
девочка,206,10,#2a73c8,animal$
утро,205,10,#34e1e1,action
купол,205,10,black,other
янтарь,205,10,#dc7886,stuff
сундучок,204,10,black,other
солнушко,204,10,black,other
инициал,203,10,black,other
дружина,203,10,#9bf24f,group
диктатор,203,10,#447e07,hum
гусар,202,10,#425f92,animal
руда,202,10,#dc7886,stuff
сорочка,201,10,#966df4,tool:cloth
урал,201,10,black,other
литера,200,10,#1ae426,letter
ассигнация,200,10,#761434,money:banknote
тапочек,200,10,black,other
сосуд,199,10,#b2ed6f,tool:dish
трасса,198,10,#3ae1ff,space
остров,198,10,#3ae1ff,space
русский,198,10,#dda730,hum:etn
брусника,197,10,#e5935c,plant
мастика,197,10,#dc7886,stuff
краса,197,10,black,other
диапазон,197,10,#840459,param
лопасть,195,10,black,other
строчка,195,10,#600d96,impact
фланель,195,10,#dc7886,stuff
комод,195,10,#140922,hum$@
народ,195,10,black,other
борец,195,10,#447e07,hum
мох,195,10,#e5935c,plant
босоножка,194,10,#447e07,hum
померанец,194,10,#e5935c,plant
червяк,193,10,#8bd31e,tool
крестины,192,10,#34e1e1,action
дипломатия,192,10,black,other
сектор,191,10,black,other
звонарь,191,10,#447e07,hum
инженер,191,10,#561de1,hum/prof
толща,190,10,#337194,form
риза,190,10,#966df4,tool:cloth
сверток,189,10,black,other
ломоть,188,10,#efd59c,food
движение,188,10,#3f8a34,move
штукатурка,187,10,#dc7886,stuff
пулеметчик,187,10,#561de1,hum/prof
крап,187,10,black,other
аскер,186,10,black,other
корсаж,186,10,black,other
балдахин,186,10,black,other
резинка,185,10,#be746a,pattern
трактор,185,10,#262d61,tool:transp/tool:device:@machine
корешок,185,10,#447e07,hum
дьвица,185,10,black,other
очки,185,10,#8bd31e,tool
испания,184,10,black,other
задача,184,10,#e6e331,ment
гравий,183,10,#dc7886,stuff
ад,182,10,#3ae1ff,space
стеклышко,182,10,#dc7886,stuff
шишок,182,10,black,other
шубка,182,10,black,other
радиация,181,10,black,other
пластмасса,179,10,#dc7886,stuff
крепость,179,10,#840459,param
пика,179,10,#4e6a0e,inter$
время,179,10,#16069c,time:period
плитка,178,10,#abb615,tool:device
эполета,178,10,black,other
женщина,177,10,#447e07,hum
комбриг,177,10,#1be049,hum/armpos
вихорь,177,10,black,other
мы,177,10,black,other
туземец,176,10,#447e07,hum
включение,175,10,black,other
хлеб,175,10,#bbccb0,poss$
месиво,175,10,#205f87,stuff/food:fodder
латвия,174,10,black,other
венок,172,10,black,other
ручеек,172,10,black,other
табло,172,10,#abb615,tool:device
ступень,171,10,#d401b6,sound
бонапарт,171,10,black,other
речь,171,10,#f69a42,speech
поезд,170,10,#7e7174,tool:transp
дввица,170,10,black,other
рубина,169,10,black,other
рис,169,10,#e5935c,plant
трихофитон,169,10,black,other
отпечаток,168,10,#3ae1ff,space
бережок,168,10,black,other
балахон,167,10,#966df4,tool:cloth
куропатка,167,10,#425f92,animal
лик,167,10,#f3ca9a,внешний вид
пыльник,166,10,#966df4,tool:cloth
провод,165,10,#8bd31e,tool
обводка,165,10,#41d68f,глагол
пальчик,165,10,black,other
светлячок,165,10,#425f92,animal
колготки,164,10,#966df4,tool:cloth
марокен,164,10,#dc7886,stuff
арм,164,10,black,other
селен,162,10,black,other
совет,162,10,#af7d78,org
картуз,161,10,#8bd31e,tool
гусь,161,10,#1850c2,hum$
чемодан,161,10,#8bd31e,tool
каменья,160,10,black,other
коврик,160,10,black,other
баба,159,10,#447e07,hum
раскраска,159,10,#bae5fb,workart
номер,159,10,#c948a5,sign/tool
горизонт,159,10,#3ae1ff,space
халцедон,159,10,#c3eb54,jewel
крапина,159,10,black,other
вина,158,10,black,other
маяк,158,10,#447e07,hum
оружие,158,10,#0df16c,tool:weapon
клок,158,10,black,other
обертка,157,10,black,other
снегирь,157,10,#425f92,animal
блок,157,10,#abb615,tool:device
шатер,157,10,#a24092,constr
демократ,156,10,#447e07,hum
помост,155,10,#3aba72,constr:настил
пометка,155,10,#75e7c1,sign
окисел,154,10,#dc7886,stuff
красавица,154,10,black,other
земляника,154,10,#e5935c,plant
калянус,153,10,black,other
серп,153,10,#337194,form
дублет,152,10,#55ef67,impact?
пироп,151,10,#c3eb54,jewel
долина,151,10,#3ae1ff,space
страница,151,10,#16069c,time:period
существо,151,10,#809262,hum$/animal$/hum:supernat$/living
мускулатура,150,10,black,other
охрана,149,10,black,other
каемочка,149,10,black,other
петербург,149,10,black,other
режим,149,10,#7bde0d,time?
донышко,148,10,black,other
оттиск,148,10,#0bf228,text
рубашонка,147,10,black,other
вкрапление,147,10,#5c0494,изменение положения?
мост,147,10,#8bd31e,tool
мафория,145,10,black,other
кардинал,145,10,#447e07,hum
танк,144,10,#7e7174,tool:transp
муть,144,10,#dc7886,stuff
клеймо,143,10,#75e7c1,sign
пепел,142,10,#dc7886,stuff
жилетка,142,10,#966df4,tool:cloth
блокнот,142,10,#7cab58,book
клапан,142,10,#8bd31e,tool
комок,140,10,black,other
гвардеец,140,10,#447e07,hum
слюна,139,10,#c83e15,stuff/liq
попона,139,10,#117c4e,tool:cloth$
перилла,139,10,black,other
кронштадт,139,10,black,other
цех,137,10,#af7d78,org
финифть,137,10,#bae5fb,workart
агент,137,10,#447e07,hum
письменство,136,10,black,other
подкова,135,10,#337194,form
дыра,134,10,#3ae1ff,space
тын,134,10,#a24092,constr
сон,134,10,#76c7fc,physiol
табличка,134,10,black,other
рыцарь,134,10,#447e07,hum
штамп,134,10,#75e7c1,sign
земл,133,10,black,other
клуб,133,10,#febcc0,constr:@build
волчаика,133,10,black,other
страх,133,10,#d353af,quant:max
товарищ,132,10,#447e07,hum
цилиндр,132,10,#966df4,tool:cloth
сол,132,10,black,other
джигит,131,10,#447e07,hum
дворец,131,10,#a24092,constr
клещик,131,10,black,other
кунтуш,131,10,#966df4,tool:cloth
отлас,130,10,black,other
крылышко,129,10,black,other
просо,128,10,#e5935c,plant
кепи,128,10,#966df4,tool:cloth
монисто,128,10,#9a25d8,access
посиделки,128,10,black,other
облачко,128,10,black,other
наклейка,128,10,#8bd31e,tool
гематит,128,10,#c3eb54,jewel
волчаик,128,10,black,other
том,127,10,#0bf228,text
цвътами,127,10,black,other
бочок,126,10,black,other
штандарт,126,10,#817a56,sign:знамя
древко,125,10,black,other
подливка,125,10,#c83e15,stuff/liq
печатьми,125,10,black,other
храм,125,10,#3ae1ff,space
штемпель,124,10,#75e7c1,sign
венец,124,10,#9a25d8,access
оболочка,124,10,#dc7886,stuff
надкрылья,124,10,black,other
мячик,123,10,black,other
путь,123,10,#3da847,asp
пара,123,10,#f51346,schoolmark
бугор,123,10,#aebfc2,form/space
скуфья,122,10,black,other
ментик,122,10,#966df4,tool:cloth
осадка,122,10,#840459,param
жучок,122,10,#8bd31e,tool
обмазка,122,10,#dc7886,stuff
карандашик,121,10,black,other
спинка,121,10,#8bd31e,tool
жук,121,10,#1850c2,hum$
войлок,121,10,#dc7886,stuff
пижама,120,10,#966df4,tool:cloth
галактика,120,10,#3578fb,space/astr
сеть,120,10,#8bd31e,tool
печатник,120,10,#561de1,hum/prof
палочник,120,10,black,other
голубь,120,10,#1850c2,hum$
ты,120,10,black,other
доля,120,10,black,other
латыш,119,10,#dda730,hum:etn
человечек,119,10,black,other
плавки,119,10,#966df4,tool:cloth
трубка,118,10,#8bd31e,tool
шпинель,118,10,#c3eb54,jewel
цввт,118,10,black,other
армеец,118,10,#1be049,hum/armpos
вензель,118,10,#be746a,pattern
яр,117,10,#3ae1ff,space
серия,117,10,#0bf228,text
кут,117,10,black,other
осина,117,10,#e5935c,plant
расцветка,116,10,#2effcc,color
поля,116,10,black,other
байрон,116,10,black,other
литература,116,10,black,other
панна,116,10,#447e07,hum
зов,116,10,#f69a42,speech
крылечко,115,10,black,other
мальва,115,10,#e5935c,plant
турмалин,115,10,black,other
пинкертон,115,10,black,other
рефлекс,115,10,#76c7fc,physiol
кепка,115,10,#966df4,tool:cloth
мешок,115,10,#447e07,hum
жила,114,10,#447e07,hum
гвоздик,114,10,#337194,form
чобот,114,10,black,other
полушубок,114,10,#966df4,tool:cloth
пропуск,114,10,#3ae1ff,space
царапина,114,10,#3ae1ff,space
архалук,113,10,#966df4,tool:cloth
цве,113,10,black,other
велосипед,113,10,#7e7174,tool:transp
хламида,113,10,#966df4,tool:cloth
врата,113,10,#0b0870,tool/constr
ива,113,10,#e5935c,plant
светило,113,10,#447e07,hum
туркестан,112,10,black,other
рассвет,112,10,#72b286,time
изображение,112,10,#bae5fb,workart
зев,112,10,black,other
ручей,112,10,#de1907,space/reservoir
рай,112,10,#3ae1ff,space
виноматериал,112,10,black,other
что,112,10,black,other
пестрядь,111,10,#dc7886,stuff
чернило,111,10,black,other
стык,111,10,#3ae1ff,space
ребенок,111,10,#447e07,hum
мужчина,111,10,#447e07,hum
кузница,111,10,#3ae1ff,space
смута,109,10,#d0078a,inter
величина,109,10,#447e07,hum
колено,109,10,#3f8a34,move
кле,109,10,black,other
рабочий,109,10,#561de1,hum/prof
клеточка,109,10,black,other
монгол,109,10,#dda730,hum:etn
рама,109,10,black,other
конус,109,10,#337194,form
чудовище,108,10,#447e07,hum
днище,108,10,black,other
лохмотья,108,10,black,other
осень,107,10,#dd7995,time/time:season
окаймление,107,10,black,other
чувяк,107,10,black,other
лапоть,107,10,#608ab4,tool:cloth:@boot
рогатка,107,10,#8bd31e,tool
зигзаг,107,10,#337194,form
организация,106,10,#af7d78,org
хлопья,106,10,#9f4193,stuff/food
лед,106,10,#dc7886,stuff
пароход,106,10,#7e7174,tool:transp
отвод,106,10,#3f8a34,move
уксус,106,10,#c83e15,stuff/liq
рог,105,10,#77baaf,форма
бордюр,105,10,#ef4f5f,constr/space
кожура,105,10,#dc7886,stuff
маркер,104,10,#e67cc0,tool:instr:@implement
спица,104,10,black,other
прут,103,10,#0192d4,thing
зернышко,103,10,black,other
диванчик,103,10,black,other
обелиск,103,10,#4f45df,workart:скульт
бязь,103,10,#dc7886,stuff
улыбка,102,10,#a2358d,manif:emot
балтика,102,10,black,other
светляк,102,10,#425f92,animal
вязь,102,10,black,other
арка,102,10,#a24092,constr
линейка,101,10,#7e7174,tool:transp
шкала,101,10,black,other
клещ,101,10,#425f92,animal
витязь,101,10,#447e07,hum
крашенина,101,10,#dc7886,stuff
редиска,101,10,#ddac3b,fruit/food
эполет,101,10,black,other
венгрия,100,10,black,other
письмо,100,10,#3da847,asp
семья,100,10,#447e07,hum
дрожжи,100,10,#142b7e,stuff/living
камелия,100,10,#e5935c,plant
вертолет,100,10,#7e7174,tool:transp
варвар,100,10,#447e07,hum
микроклин,100,10,black,other
столик,100,10,#596757,tool:furn
пространство,100,10,#3ae1ff,space
я,99,10,#447e07,hum
карапдаш,99,10,black,other
дело,99,10,#af7d78,org
состав,99,10,#7e7174,tool:transp
грунт,99,10,#dc7886,stuff
бор,99,10,#dc7886,stuff
глазурь,99,10,#9f4193,stuff/food
горница,99,10,#f25962,room
червячок,98,10,black,other
подштанники,98,10,#966df4,tool:cloth
постамент,98,10,black,other
дерматин,98,10,#dc7886,stuff
тюбетейка,98,10,#966df4,tool:cloth
завеса,98,10,#f3ca9a,внешний вид
узел,98,10,#8bd31e,tool
лужица,98,10,black,other
гардина,98,10,#fd0d94,tool:штора
барабан,97,10,#8bd31e,tool
прослоек,97,10,black,other
студенчество,97,10,#16069c,time:period
ведро,97,10,#42c2b7,unit
техник,97,10,#561de1,hum/prof
кантик,97,10,black,other
бородавка,97,10,black,other
запись,97,10,#13fd9b,doc
патриотизм,97,10,black,other
панев,97,10,black,other
окошечко,97,10,black,other
калиночка,97,10,black,other
глебовна,97,10,black,other
картон,97,10,#bae5fb,workart
потек,97,10,#3ae1ff,space
костел,96,10,#a24092,constr
таблица,96,10,#0bf228,text
опушка,96,10,#3ae1ff,space
астрахань,96,10,black,other
индикатор,96,10,#dc7886,stuff
парик,96,10,#8bd31e,tool
кристаллик,95,10,black,other
чайник,95,10,#447e07,hum
спутник,95,10,#abb615,tool:device
пионер,95,10,#447e07,hum
центр,95,10,#af7d78,org
хозяйственник,95,10,#447e07,hum
шкатулочка,95,10,black,other
содержимое,95,10,#7af043,?
епанча,95,10,#966df4,tool:cloth
грива,95,10,#3ae1ff,space
тоталитаризм,95,10,black,other
подол,94,10,black,other
вал,94,10,#337194,form
группа,94,10,#9bf24f,group
плен,94,10,black,other
ложка,94,10,#eee91a,tool:mus
позолота,94,10,#dc7886,stuff
мьди,94,10,black,other
живот,94,10,#7e29d5,be:exist
ложе,94,10,#3ae1ff,space
замша,93,10,#dc7886,stuff
шорты,93,10,#966df4,tool:cloth
дьвушка,93,10,black,other
озеро,93,10,#de1907,space/reservoir
чулочек,93,10,black,other
мачта,93,10,#8bd31e,tool
канна,92,10,#f89bea,plant:@flower
доломит,92,10,black,other
буек,92,10,black,other
террорист,92,10,#447e07,hum
капор,92,10,#966df4,tool:cloth
кнопочка,92,10,black,other
вышка,92,10,#a24092,constr
ряса,92,10,#966df4,tool:cloth
желчь,92,10,#c674fc,psych:emot
десяток,92,10,#a51151,ciph$
интеллигенция,92,10,black,other
холст,92,10,#dc7886,stuff
полотенце,92,10,#6b36aa,linen/tool
рекрут,91,10,#561de1,hum/prof
стручок,91,10,#76a8e2,fruit
очипок,91,10,black,other
плуг,91,10,#6a2897,asp:move
облачение,91,10,black,other
военлет,91,10,black,other
штриховка,91,10,black,other
галоша,91,10,black,other
жеребец,91,10,#1850c2,hum$
теленок,91,10,#425f92,animal
ссадина,91,10,black,other
хоровод,91,10,black,other
подруга,91,10,#447e07,hum
кувшин,90,10,#b2ed6f,tool:dish
весло,90,10,#b44271,tool:instr
ворон,90,10,#425f92,animal
ребро,90,10,#3ae1ff,space
фестон,90,10,black,other
шитье,90,10,#a46479,impact:creat
королева,90,10,#447e07,hum
наполеон,90,10,black,other
мех,90,10,#dc7886,stuff
кудри,90,10,#262beb,hair/form
униформа,90,10,black,other
флигель,89,10,#d3a1ae,room/constr
окошко,89,10,#0d039a,tool/space
конверт,89,10,#82da13,tool:cloth$/tool
сари,89,10,#966df4,tool:cloth
ожерелие,89,10,black,other
квас,89,10,#df96be,stuff/food/liq
буфер,88,10,#447e07,hum
фольга,88,10,#dc7886,stuff
пуговка,88,10,#337194,form
нимб,88,10,black,other
мандат,88,10,#13fd9b,doc
враг,88,10,#512e22,hum:supernat
горох,87,10,#e5935c,plant
ночь,87,10,#72b286,time
тьма,87,10,#745fbd,numcoll
паяц,87,10,#447e07,hum
бой,87,10,#447e07,hum
сердечко,87,10,#337194,form
мозг,86,10,#e6e331,ment
замок,86,10,#3ae1ff,space
ореол,86,10,#7818ff,light
вьюрок,86,10,#425f92,animal
конго,86,10,black,other
пчела,86,10,#425f92,animal
астра,86,10,#e5935c,plant
аппарат,86,10,#9bf24f,group
доктор,85,10,#447e07,hum
вихор,85,10,#337194,form
люминофор,85,10,black,other
ковбойка,85,10,black,other
прослой,85,10,black,other
маникюр,85,10,black,other
борт,85,10,#3ae1ff,space
пес,84,10,#1850c2,hum$
веер,84,10,#337194,form
пора,84,10,#72b286,time
пограничник,84,10,#561de1,hum/prof
плита,84,10,#3ae1ff,space
повойник,84,10,#966df4,tool:cloth
укладка,84,10,#8bd31e,tool
поднос,84,10,#3f8a34,move
глазище,83,10,black,other
партизанка,83,10,black,other
спорт,83,10,#ef4998,sport
окунь,83,10,#611874,animal:@fish/food
винкель,83,10,black,other
ремешок,83,10,#9a25d8,access
зубец,83,10,black,other
прутик,83,10,black,other
дощечка,83,10,black,other
клубок,82,10,#298e20,physiol:@painful
частица,82,10,black,other
строй,82,10,#337194,form
растение,82,10,#e5935c,plant
опояска,82,10,black,other
полчище,82,10,#9bf24f,group
отношение,82,10,#0bf228,text
овал,82,10,#8ec6f9,form:geom/space
чаша,82,10,#f2a7be,space/form
дъвушка,81,10,black,other
кашне,81,10,black,other
комсостав,81,10,black,other
подтяжка,81,10,black,other
брага,81,10,#df96be,stuff/food/liq
имя,81,10,#9ce166,word
сарафанчик,81,10,black,other
покрытие,81,10,#67274b,stuff/tool
лотос,81,10,#e5935c,plant
напиток,81,10,#df96be,stuff/food/liq
гриф,81,10,#0bf228,text
вид,81,10,#e6e331,ment
одеяльце,81,10,black,other
телушка,81,10,black,other
телец,81,10,#425f92,animal
сыроежка,81,10,#e5935c,plant
пуля,81,10,#bb817d,tool:@shell
кварц,80,10,#dc7886,stuff
пяток,80,10,black,other
шейка,80,10,black,other
акварель,80,10,#bae5fb,workart
клюква,80,10,#e5935c,plant
витье,80,10,black,other
вырубка,80,10,#3ae1ff,space
фетр,80,10,#dc7886,stuff
санитарка,80,10,black,other
громада,80,10,#3da847,asp
скула,80,10,black,other
военачальник,80,10,#1be049,hum/armpos
порфира,80,10,#966df4,tool:cloth
разбойник,80,10,#447e07,hum
месть,79,10,#8ff964,воздействие на человека
китайка,79,10,#e5935c,plant
шампанское,79,10,#df96be,stuff/food/liq
взрыв,79,10,#0f0ae2,manif
подтек,79,10,#3ae1ff,space
жакет,79,10,#966df4,tool:cloth
сироп,79,10,#df96be,stuff/food/liq
мельница,79,10,#abb615,tool:device
раковина,79,10,#3ae1ff,space
паника,79,10,#c674fc,psych:emot
ремень,79,10,#8bd31e,tool
овца,78,10,#425f92,animal
шут,78,10,#447e07,hum
пленный,78,10,#447e07,hum
лебедь,78,10,#425f92,animal
сальдо,78,10,#325ef6,остаток
клавиша,78,10,#8bd31e,tool
князь,77,10,#447e07,hum
сахар,77,10,#dc7886,stuff
пилотка,77,10,#966df4,tool:cloth
шафер,77,10,#447e07,hum
букет,77,10,black,other
нужда,77,10,#ddca72,отсутствие
генштабист,77,10,black,other
гул,77,10,#d401b6,sound
коготь,77,10,black,other
масонство,77,10,black,other
фонтан,77,10,#4b4579,tool:device/constr
бочка,77,10,#706864,move/move:fig
огнетушитель,76,10,#abb615,tool:device
колер,76,10,#dc7886,stuff
зад,76,10,#3ae1ff,space
семафор,76,10,#1c5269,tool/code
ветчина,76,10,#31e9e9,stuff/food/изделие
амбар,76,10,#a24092,constr
бумажник,76,10,#561de1,hum/prof
шкаф,76,10,#abb615,tool:device
листик,76,10,black,other
кроветворение,76,10,black,other
обрамление,76,10,#600d96,impact
ножны,76,10,black,other
рожица,76,10,black,other
военлеты,76,10,black,other
пучок,76,10,black,other
си,76,10,black,other
девкы,76,10,black,other
ноготок,75,10,black,other
гли,75,10,black,other
рычаг,75,10,#b44271,tool:instr
пирамида,75,10,#8bd31e,tool
рать,75,10,#d0078a,inter
рукоятка,75,10,#8bd31e,tool
бес,75,10,#447e07,hum
вещь,75,10,#6d50ee,workart/workmus/workdram/workcin/text
плечо,75,10,#3ae1ff,space
верблюд,75,10,#425f92,animal
люлька,75,10,#8bd31e,tool
тес,75,10,black,other
подполье,75,10,#8a590f,room/space
воинство,74,10,black,other
дипломат,74,10,#8bd31e,tool
кед,74,10,black,other
буря,74,10,#0f0ae2,manif
кашемир,74,10,#dc7886,stuff
чешуя,74,10,#ec61ce,hair$
плица,74,10,black,other
комбайн,74,10,#e3a630,tool:device:@machine
журналист,74,10,#561de1,hum/prof
моча,74,10,#c83e15,stuff/liq
особняк,74,10,#a24092,constr
орд,74,10,black,other
дагестан,73,10,black,other
палка,73,10,#8bd31e,tool
плед,73,10,#c0fefb,tool:@bedding
шов,73,10,#3ae1ff,space
полосочка,73,10,black,other
каска,73,10,#5f8050,tool/tool:cloth$
начальник,73,10,#447e07,hum
герб,73,10,#75e7c1,sign
агрессия,73,10,black,other
угорь,73,10,#611874,animal:@fish/food
безрукавка,73,10,#966df4,tool:cloth
саранча,73,10,#425f92,animal
жгут,73,10,#8bd31e,tool
клякса,73,10,black,other
халатик,73,10,black,other
клубень,73,10,black,other
клин,73,10,#c094bc,space/plot
флюоресценция,72,10,black,other
библиотекарь,72,10,#447e07,hum
варежки,72,10,black,other
наступление,72,10,black,other
ручонка,72,10,black,other
коленка,72,10,black,other
щелие,72,10,black,other
дымка,10,222,#dc7886,stuff
век,10,129,#72b286,time
отражение,10,112,#d47fe6,ment?
таракан,10,83,#425f92,animal
тростник,10,77,#e5935c,plant
сумерки,10,76,#e360ef,weather/light
рябь,10,69,#76c7fc,physiol
мрак,10,67,#45d9ff,light/neg
почка,10,62,black,other
башенка,10,51,#a24092,constr
бурьян,10,50,#3ae1ff,space
полумгла,10,49,black,other
брюхо,10,48,#3ae1ff,space
оттвнок,10,47,black,other
стебелек,10,46,black,other
полусвет,10,46,#7818ff,light
темнота,10,45,#447e07,hum
степь,10,42,#3ae1ff,space
воздух,10,41,#3ae1ff,space
