noun,syroj,mokryj,colour,code
земля,55379,13888,#a55a3a,space
масса,20431,131,#3dfd57,quant:max
вид,20250,999,#b87649,ment
место,13678,12946,#efdb0b,tool
погода,13541,1772,#37d248,weather
луг,10034,3358,#a55a3a,space
глина,8909,4651,#b584b2,stuff
вода,8898,176,#407762,stuff/liq
воздух,7650,522,#a55a3a,space
ветер,6188,2548,#37d248,weather
почва,5560,938,#e00175,stuff/space
кожа,5377,1104,#b584b2,stuff
песок,5105,11426,#4e4c52,stuff/food
лес,4703,1533,#10c929,form
трава,4548,15054,#be10f4,plant
подвал,4283,46,#90e288,room
стена,4261,1900,#d9932a,form/quant:max
дрова,4114,374,black,other
туман,4039,955,#37d248,weather
ткань,3703,952,#b584b2,stuff
помещение,3485,130,#7b8438,put
ночь,3063,458,#df4ea2,time
состояние,2795,2251,#ec3b40,psych/physiol
зерно,2581,116,#3f2ae1,food
дерево,2295,3009,#b584b2,stuff
штукатурка,2201,671,#b584b2,stuff
мгла,2176,387,#99046e,light/neg
уголь,2091,216,#efdb0b,tool
лист,1912,4988,#b43b8e,doc
снег,1773,40380,#37d248,weather
картошка,1766,74,#be10f4,plant
холод,1683,344,#b92b87,manif:emot
зола,1679,102,#b584b2,stuff
комната,1662,40,#90e288,room
запах,1495,112,#20d0a8,smell
участок,1446,142,#26f855,org
грунт,1397,1016,#b584b2,stuff
низина,1379,94,#a55a3a,space
берег,1361,342,#a55a3a,space
древесина,1319,241,#b584b2,stuff
кирпич,1277,116,#0512ee,sign
окоп,1273,298,#281004,space/constr
резина,1208,103,#b584b2,stuff
мох,1197,786,#be10f4,plant
тьма,1155,582,#31def5,numcoll
корень,1099,110,black,other
соль,1079,332,#b584b2,stuff
лето,1051,622,#00b1f2,time/time:season
год,1048,229,#7dcbd5,time:age
осень,1030,661,#00b1f2,time/time:season
день,1026,573,#3cfbec,time:period
ил,1016,116,#b584b2,stuff
доска,1014,2356,#efdb0b,tool
камень,1000,3848,#627f1a,образование
хлеб,986,454,#aeff20,poss$
время,985,320,#3cfbec,time:period
угол,966,254,#a55a3a,space
темнота,944,286,#e0f506,hum
шкура,926,197,#e0f506,hum
яма,894,154,#35fce7,room/constr:@build
пятно,844,3960,black,other
полено,839,230,black,other
солома,836,1237,#1d6ab8,food:fodder
одежда,818,9684,#b584b2,stuff
овраг,807,52,#a55a3a,space
утро,783,156,#0d518d,action
торф,751,176,#b584b2,stuff
шерсть,709,1530,#b584b2,stuff
тряпка,684,15560,#e0f506,hum
пол,675,1849,#a55a3a,space
ветка,661,2356,#a55a3a,space
вечер,633,111,#0d518d,action
бревно,629,1134,#efdb0b,tool
скала,628,641,#a55a3a,space
белье,613,4661,black,other
образец,597,77,#e0f506,hum
свежесть,581,53,#64ba7c,weather/temper
капуста,575,44,#be10f4,plant
поле,530,1268,#a55a3a,space
листва,526,2295,black,other
небо,506,848,#a55a3a,space
холодок,496,66,black,other
бумага,485,1253,#b584b2,stuff
тень,482,42,#e0f506,hum
грязь,440,818,#b584b2,stuff
мрак,429,43,#99046e,light/neg
весна,395,249,#00b1f2,time/time:season
поверхность,393,684,#a55a3a,space
кора,391,590,#b584b2,stuff
шинель,382,2117,#547d5b,tool:cloth
дом,371,144,#26f855,org
дорога,370,2044,#2b6bb7,move
зима,366,182,#00b1f2,time/time:season
железо,359,412,#b584b2,stuff
шелк,358,97,#b584b2,stuff
сумерки,351,129,#8ee413,weather/light
простыня,343,2489,#f1774a,tool:@bedding/linen
яблоко,338,98,#a5606f,fruit/food
луговина,334,41,#a55a3a,space
облако,327,332,black,other
сумрак,322,48,#5d651e,light
туча,309,320,#3dfd57,quant:max
пар,307,167,#b584b2,stuff
металл,303,42,#b584b2,stuff
тундра,296,434,#a55a3a,space
болото,295,384,#a55a3a,space
хвоя,292,372,black,other
сено,283,514,#5a143d,stuff/food:fodder
темень,283,90,#99046e,light/neg
постель,276,226,#459c81,tool:@bedding
навоз,274,144,#b584b2,stuff
овчина,272,196,#b584b2,stuff
сук,262,245,black,other
человек,260,943,#e0f506,hum
бетон,259,415,#b584b2,stuff
препарат,259,114,#b584b2,stuff
табак,256,71,#be10f4,plant
полотенце,252,9187,#5e0bba,linen/tool
шахта,244,55,#a55a3a,space
зелень,239,803,#3f2ae1,food
опилки,238,313,black,other
условие,237,379,#18ce39,причина
кусок,235,271,black,other
ком,235,483,black,other
улица,234,2046,#a55a3a,space
сапог,232,2165,#067059,tool:cloth:@boot
товар,231,48,#3b4c0f,thing
дорожка,225,1050,#efdb0b,tool
кустарник,220,217,#be10f4,plant
скамья,218,400,#9f3d04,tool:furn/tool
асфальт,214,8151,#a55a3a,space
склон,211,72,#a55a3a,space
тип,204,442,#e0f506,hum
портянка,201,905,#547d5b,tool:cloth
голос,200,69,#b87649,ment
опилка,197,252,black,other
тропинка,193,162,#a55a3a,space
слой,191,124,#7684f1,group
водоросль,187,181,#be10f4,plant
известка,182,66,#b584b2,stuff
глаз,179,7363,black,other
тайга,179,52,#a55a3a,space
хворост,178,99,#f413a3,food/изделие
грудь,174,414,black,other
сад,173,917,#26f855,org
скамейка,173,689,#9f3d04,tool:furn/tool
рука,172,7897,#e0f506,hum
ветвь,166,1373,black,other
лицо,163,11559,#a55a3a,space
заросль,161,187,#a55a3a,space
траншея,158,202,#281004,space/constr
комок,158,387,black,other
ствол,153,904,#efdb0b,tool
сахар,152,179,#b584b2,stuff
дно,152,252,black,other
рассвет,148,72,#df4ea2,time
часть,144,446,#4378e4,poss
гниль,142,2256,#4e4c52,stuff/food
город,139,222,#a55a3a,space
стебель,139,138,black,other
пласт,139,52,black,other
след,138,4097,#d28c72,остаток
снежок,131,588,#efdb0b,tool
хлопья,126,1986,#4e4c52,stuff/food
он,123,193,#6a49e5,hum:kin$/hum
вата,122,939,#b584b2,stuff
рожь,122,212,#1d04bd,fruit
ягода,121,49,#e0f506,hum
тело,119,2713,#3b4c0f,thing
степь,116,200,#a55a3a,space
щепка,112,81,black,other
валежник,110,56,black,other
клок,109,162,black,other
пленка,106,139,#b584b2,stuff
пелена,100,343,#b584b2,stuff
волос,96,12148,#b584b2,stuff
звук,95,57,#e51e30,speech?
шпала,93,42,#0512ee,sign
стенка,92,122,#42c616,tool:furn
аллея,88,164,#a55a3a,space
крупа,88,64,#b584b2,stuff
карцер,87,48,#90e288,room
тротуар,84,1697,#a55a3a,space
береза,83,156,#be10f4,plant
изба,82,59,#a36b70,constr:@build
щель,81,49,#281004,space/constr
суглинок,80,92,#b584b2,stuff
валенок,79,863,#067059,tool:cloth:@boot
палуба,78,1212,#928a92,constr:настил
палатка,77,140,#bc5b0a,constr
куст,76,2258,#26f855,org
отходы,75,110,black,other
лестница,74,111,#bc5b0a,constr
язык,73,478,#e0f506,hum
мостовая,73,1655,#a55a3a,space
пыль,72,983,#b584b2,stuff
плащ,71,2786,#547d5b,tool:cloth
нога,71,3671,black,other
брюки,69,665,#547d5b,tool:cloth
сосна,68,294,#be10f4,plant
я,67,89,#e0f506,hum
курица,67,6331,#3f2ae1,food
тяжесть,67,69,#3b4c0f,thing
рубаха,65,1642,#547d5b,tool:cloth
листок,65,75,#b43b8e,doc
городок,64,49,#efdb0b,tool
сукно,64,227,#b584b2,stuff
порох,63,89,#e0f506,hum
метель,62,406,#37d248,weather
плита,61,401,#a55a3a,space
пальто,60,1066,#547d5b,tool:cloth
перила,60,146,#efdb0b,tool
солончак,60,1836,black,other
полоса,59,567,#3cfbec,time:period
отпечаток,58,145,#a55a3a,space
подстилка,57,108,#b584b2,stuff
чаща,55,54,#3dfd57,quant:max
темя,55,47,black,other
газета,53,356,#03fc17,text/media
платье,53,3101,#547d5b,tool:cloth
сигарета,52,40,#efdb0b,tool
куча,51,83,#3dfd57,quant:max
тропа,51,202,#a55a3a,space
палец,51,2273,#efdb0b,tool
копна,50,112,black,other
балка,50,66,#a55a3a,space
цветок,50,486,#be10f4,plant
тряпочка,49,752,black,other
конец,49,279,#3461d6,be:disapp
кочка,49,165,#a55a3a,space
брезент,48,946,#b584b2,stuff
они,47,46,black,other
ботинок,47,850,#067059,tool:cloth:@boot
обувь,47,627,black,other
папироса,46,40,#efdb0b,tool
она,46,46,black,other
работа,45,349,#8b787a,workart/workmus/workdram/workcin/text
мешок,45,1267,#e0f506,hum
голова,44,3840,#e0f506,hum
баба,44,84,#e0f506,hum
даль,44,46,#a55a3a,space
пень,42,41,#e0f506,hum
чернота,41,44,black,other
пеленка,40,1012,#7d644f,linen
нефть,54947,10,#407762,stuff/liq
материал,52172,10,#b584b2,stuff
вес,35400,10,#7af917,param
протеин,32748,10,#b584b2,stuff
продукт,18444,10,#3f2ae1,food
мясо,15404,10,#b584b2,stuff
вещество,12684,10,#b584b2,stuff
руда,9622,10,#b584b2,stuff
клейковина,7955,10,#b584b2,stuff
белок,7790,10,#ecd222,stuff/thing
яйцо,6872,10,#3f2ae1,food
клетчатка,5474,10,#b584b2,stuff
молоко,5305,10,#407762,stuff/liq
рыба,4891,10,#99d6fc,text
жир,4802,10,#b584b2,stuff
бензол,4399,10,#407762,stuff/liq
картофель,3075,10,#be10f4,plant
овощ,2919,10,black,other
биомасса,2367,10,black,other
дуб,2347,10,#e0f506,hum
платина,2145,10,#b584b2,stuff
землянка,2052,10,#90e288,room
могила,1946,10,#e0f506,hum
климат,1823,10,#04c156,asp:weather
тесто,1765,10,#b584b2,stuff
форма,1648,10,#efdb0b,tool
газ,1405,10,#b584b2,stuff
произведение,1366,10,#8b787a,workart/workmus/workdram/workcin/text
свекла,1351,10,#be10f4,plant
крахмал,1314,10,#b584b2,stuff
прохлада,1301,10,#983e1e,temper
каземат,1292,10,#90e288,room
смесь,1245,10,#b584b2,stuff
камера,1215,10,#a55a3a,space
животное,1140,10,#2ba0bd,hum$
каучук,1139,10,#b584b2,stuff
факт,1126,10,#b87649,ment
масло,1125,10,#b584b2,stuff
печень,991,10,black,other
морковь,925,10,#be10f4,plant
квартира,921,10,#a55a3a,space
кокон,882,10,black,other
бор,870,10,#b584b2,stuff
сок,828,10,#8f3c7b,stuff/food/liq
спирт,819,10,#b584b2,stuff
пища,779,10,#3f2ae1,food
ущелие,772,10,black,other
погреб,769,10,#a6f046,constr/room
окатыш,749,10,black,other
коридор,737,10,#a55a3a,space
лук,679,10,#be10f4,plant
местообитание,666,10,black,other
желток,662,10,#4e4c52,stuff/food
кость,643,10,#b584b2,stuff
подземелье,638,10,#37ad14,room/space
антрацен,617,10,black,other
картофелина,614,10,#a5606f,fruit/food
плод,601,10,#c790e7,результат?
прочность,593,10,black,other
фрукт,589,10,#9a2754,hum$@
осадок,580,10,#b584b2,stuff
известняк,566,10,#b584b2,stuff
гриб,566,10,#be10f4,plant
местность,553,10,#a55a3a,space
навеска,534,10,black,other
говядина,522,10,#4e4c52,stuff/food
хлопок,511,10,#60bdd3,impact
темница,493,10,black,other
матерьял,454,10,black,other
барак,450,10,#f89bb5,constr:@hut
экстракт,448,10,#99d6fc,text
ветерок,439,10,black,other
жом,432,10,#b584b2,stuff
магнезит,428,10,black,other
пещера,423,10,#a55a3a,space
земл,409,10,black,other
бензин,407,10,#407762,stuff/liq
тишина,407,10,#815b13,sound/neg
полумрак,394,10,#5d651e,light
конденсат,394,10,#b584b2,stuff
топливо,391,10,#b584b2,stuff
печенка,387,10,#4e4c52,stuff/food
доломит,384,10,black,other
фенол,370,10,#b584b2,stuff
свод,360,10,#99d6fc,text
тюрьма,359,10,#bc5b0a,constr
смола,353,10,#e0f506,hum
кровь,351,10,#407762,stuff/liq
фарш,333,10,#4e4c52,stuff/food
мать,328,10,#e0f506,hum
кислота,306,10,#7b3b9b,taste
концентрат,298,10,#b584b2,stuff
долина,293,10,#a55a3a,space
эмаль,283,10,#b584b2,stuff
мука,283,10,#b584b2,stuff
семя,282,10,#b584b2,stuff
глубина,276,10,#e81c9c,degr
алмаз,265,10,#f5e528,tool:instr
известь,257,10,#b584b2,stuff
дыхание,255,10,#eeef33,physiol
эфир,241,10,#b584b2,stuff
полутьма,240,10,#5d651e,light
сережка,240,10,#9b99a1,access
понижение,235,10,black,other
блиндаж,235,10,#bc5b0a,constr
воск,232,10,#b584b2,stuff
рис,230,10,#be10f4,plant
данные,229,10,#fcc55e,humq
клубень,222,10,black,other
пиломатериал,222,10,black,other
сало,219,10,#b584b2,stuff
матерйал,219,10,black,other
кофе,217,10,#be10f4,plant
резеда,215,10,#be10f4,plant
ложбина,212,10,#a55a3a,space
атмосфера,212,10,#6ac6d4,unit
дым,211,10,#b584b2,stuff
лужайка,210,10,#a55a3a,space
канава,200,10,#a55a3a,space
клетка,200,10,#efdb0b,tool
гранула,198,10,black,other
фосфат,196,10,#b584b2,stuff
материя,196,10,#b584b2,stuff
медь,196,10,#b584b2,stuff
растение,191,10,#be10f4,plant
початок,190,10,#a5606f,fruit/food
мат,189,10,#efdb0b,tool
аргон,188,10,#b584b2,stuff
шихта,187,10,#b584b2,stuff
котлета,183,10,#8b6c48,food/блюдо
коренья,183,10,black,other
осина,181,10,#be10f4,plant
морковка,181,10,#be10f4,plant
конина,176,10,#4e4c52,stuff/food
костер,176,10,#a55a3a,space
сталь,175,10,#b584b2,stuff
заготовка,174,10,#3b4c0f,thing
помет,173,10,#b584b2,stuff
полночь,172,10,#a55a3a,space
объем,172,10,#7af917,param
земль,172,10,black,other
изделие,166,10,#3b4c0f,thing
шпон,164,10,black,other
чулан,163,10,#90e288,room
пастбище,163,10,#a55a3a,space
брикет,160,10,black,other
поляна,157,10,#a55a3a,space
каморка,157,10,black,other
шкурка,155,10,#b584b2,stuff
стружка,153,10,#b584b2,stuff
полимер,149,10,#b584b2,stuff
фракция,149,10,#b584b2,stuff
кукуруза,148,10,#be10f4,plant
женщина,145,10,#e0f506,hum
лощина,144,10,#a55a3a,space
баранина,142,10,#4e4c52,stuff/food
колодец,141,10,#2513a0,constr/space
корм,138,10,#1d6ab8,food:fodder
продукция,137,10,black,other
тепло,137,10,#4aed5d,psych:emot
чернозем,137,10,#b584b2,stuff
ельник,136,10,#b584b2,stuff
коновязь,133,10,#a55a3a,space
клубенек,132,10,black,other
сырье,129,10,black,other
дыра,129,10,#a55a3a,space
горох,128,10,#be10f4,plant
пшеница,127,10,#be10f4,plant
конура,127,10,#90e288,room
луковица,127,10,#a5606f,fruit/food
потолок,126,10,black,other
глицерин,125,10,#b584b2,stuff
здание,124,10,#bc5b0a,constr
фитомасса,123,10,black,other
плесень,121,10,#b584b2,stuff
нора,120,10,#90e288,room
склеп,120,10,#33866c,room/constr
лесоматериал,118,10,black,other
пространство,117,10,#a55a3a,space
сода,116,10,#b584b2,stuff
сквозняк,116,10,#37d248,weather
оттепель,115,10,black,other
ветчина,115,10,#fe59f7,stuff/food/изделие
мицелий,115,10,black,other
сила,114,10,#3dfd57,quant:max
краска,113,10,#60bdd3,impact
пульпа,112,10,#b584b2,stuff
мякоть,111,10,#b584b2,stuff
дрожжи,110,10,#47e51b,stuff/living
ложбинка,110,10,#a55a3a,space
духота,109,10,#37d248,weather
просо,107,10,#be10f4,plant
беизол,106,10,black,other
дух,106,10,#20d0a8,smell
гумус,106,10,#b584b2,stuff
мороз,104,10,#37d248,weather
комнатушка,103,10,black,other
великолепие,103,10,#27f80e,внешний вид
лепешка,102,10,#f413a3,food/изделие
одиночка,102,10,#3c1f72,animal
стужа,102,10,#983e1e,temper
боры,102,10,black,other
сени,101,10,#90e288,room
жилище,101,10,#a36b70,constr:@build
мысль,101,10,#b87649,ment
прогорклость,100,10,black,other
свинина,99,10,#4e4c52,stuff/food
пушнина,99,10,black,other
сливки,98,10,#4e4c52,stuff/food
месяц,97,10,#12550b,space/astr
казарма,97,10,#bc5b0a,constr
покрышка,97,10,#efdb0b,tool
гипс,96,10,#efdb0b,tool
старуха,95,10,#e0f506,hum
яичко,94,10,#3f2ae1,food
порода,93,10,#b584b2,stuff
землица,93,10,black,other
неф,92,10,black,other
кристалл,92,10,black,other
формовка,92,10,black,other
чурка,91,10,black,other
полумгла,91,10,black,other
рукопись,90,10,#99d6fc,text
матергал,87,10,black,other
полость,87,10,#a55a3a,space
стержень,84,10,black,other
кокс,82,10,#b584b2,stuff
сарай,82,10,#f89bb5,constr:@hut
палка,81,10,#efdb0b,tool
борозда,81,10,#a55a3a,space
скрип,79,10,#822b21,sound:@asp
корневище,79,10,black,other
репа,77,10,#be10f4,plant
планктон,77,10,black,other
комнатка,77,10,black,other
проба,76,10,#b584b2,stuff
фосфорит,76,10,#b584b2,stuff
н,75,10,black,other
панты,75,10,black,other
денек,75,10,black,other
осадки,74,10,#b584b2,stuff
осинник,74,10,#a55a3a,space
волокно,73,10,#b584b2,stuff
опиум,72,10,#b584b2,stuff
сосуд,70,10,#663eb1,tool:dish
кол,70,10,#0d134c,schoolmark
каолин,69,10,#b584b2,stuff
весы,69,10,#dc1799,tool:device:@measur:metr/tool:device
дымок,68,10,#b584b2,stuff
горечь,66,10,#4aed5d,psych:emot
лак,66,10,#b584b2,stuff
оттиск,66,10,#99d6fc,text
глазурь,66,10,#4e4c52,stuff/food
струя,66,10,#f2ce9d,?
корение,66,10,black,other
мозг,65,10,#b87649,ment
алюминий,65,10,#b584b2,stuff
прель,64,10,black,other
петербург,64,10,black,other
роса,63,10,#b584b2,stuff
груздь,63,10,#be10f4,plant
уголок,63,10,#0512ee,sign
землт,63,10,black,other
нитропродукт,63,10,black,other
легкое,62,10,black,other
аромат,62,10,#20d0a8,smell
тетива,62,10,black,other
мел,61,10,#8802ef,stuff/tool
груда,61,10,#3dfd57,quant:max
чугун,61,10,#663eb1,tool:dish
соединение,60,10,#b584b2,stuff
щепа,60,10,#b584b2,stuff
реальность,60,10,black,other
орех,60,10,#d7d8bf,plant/stuff
ивняк,60,10,#a55a3a,space
лиственничник,60,10,black,other
злак,59,10,#be10f4,plant
застенок,58,10,#a55a3a,space
тыква,58,10,#be10f4,plant
земелька,58,10,black,other
спичка,57,10,#efdb0b,tool
гул,57,10,#6329da,sound
опушка,57,10,#a55a3a,space
нафталин,57,10,#b584b2,stuff
погонщик,57,10,#5db35f,hum/prof
дверь,56,10,#a55a3a,space
брюква,56,10,#be10f4,plant
земелюшка,56,10,black,other
тунец,56,10,#e0f95a,animal:@fish/food
изморозь,56,10,#b584b2,stuff
низинка,56,10,black,other
действительность,55,10,#eab611,be:exist?
помидор,55,10,#be10f4,plant
п,54,10,black,other
природа,53,10,#a55a3a,space
колонна,53,10,#bc5b0a,constr
оппозиция,52,10,#7684f1,group
катакомба,51,10,black,other
кетон,51,10,black,other
полуподвал,51,10,black,other
низменность,51,10,#a55a3a,space
почка,50,10,black,other
тальник,50,10,#081ac1,plant:@bush/space
покров,50,10,#459c81,tool:@bedding
страна,50,10,#a55a3a,space
цемент,49,10,#b584b2,stuff
идея,49,10,#b87649,ment
свинец,49,10,#b584b2,stuff
острог,49,10,#a36b70,constr:@build
боб,49,10,#be10f4,plant
корнеплод,48,10,#be10f4,plant
документ,48,10,#99d6fc,text
полянка,48,10,#a55a3a,space
испарение,47,10,#b584b2,stuff
тес,47,10,black,other
переулок,47,10,#a55a3a,space
настроение,47,10,#fc27ac,psych
красота,47,10,black,other
джут,46,10,#be10f4,plant
поток,46,10,#7684f1,group
ворота,45,10,#bc5b0a,constr
номер,45,10,#81bec7,sign/tool
переход,45,10,#281004,space/constr
жилье,44,10,#90e288,room
щекотка,44,10,#629ff4,perc
пропасть,44,10,#3dfd57,quant:max
пустота,44,10,#a55a3a,space
рудник,44,10,#dbb91b,org/space
матушка,44,10,#e0f506,hum
теплота,43,10,#983e1e,temper
фасад,43,10,black,other
бифштекс,43,10,#8b6c48,food/блюдо
литератор,43,10,#5db35f,hum/prof
тоннель,43,10,#2513a0,constr/space
жизнь,42,10,#4fe8b7,be:exist
равнина,42,10,#a55a3a,space
комплекция,42,10,#eeef33,physiol
натура,41,10,#5db35f,hum/prof
ольха,41,10,#be10f4,plant
дерн,41,10,black,other
потемки,41,10,#5d651e,light
кто,41,10,black,other
башня,41,10,#bc5b0a,constr
валка,40,10,#d48798,impact:creat
спальня,40,10,#90e288,room
пах,40,10,#a55a3a,space
темь,40,10,#99046e,light/neg
способ,10,7293,#01c659,asp
дело,10,4713,#26f855,org
губа,10,4679,#90e288,room
щека,10,4128,black,other
лоб,10,3972,#e0f506,hum
нос,10,3084,black,other
платок,10,2990,#fb3711,linen/access
спина,10,2988,black,other
ладонь,10,2521,black,other
крыша,10,2504,black,other
помол,10,2304,#60bdd3,impact
очистка,10,2215,#81085c,changest
обогащение,10,2114,black,other
обработка,10,1975,black,other
озоление,10,1876,black,other
стекло,10,1849,#b584b2,stuff
сжигание,10,1789,black,other
термометр,10,1747,#200fa1,tool:device:@measur:metr
штаны,10,1727,#547d5b,tool:cloth
ус,10,1709,#7f3593,hair
рубашка,10,1569,#b584b2,stuff
головня,10,1552,#3b4c0f,thing
губка,10,1538,#efdb0b,tool
ресница,10,1531,#7f3593,hair
процесс,10,1504,#b9456e,manif:disease
путь,10,1407,#01c659,asp
прядь,10,1400,#7f3593,hair
измельчение,10,1210,black,other
сеть,10,1109,#efdb0b,tool
бок,10,1099,#a55a3a,space
прядение,10,1092,#d48798,impact:creat
борода,10,1086,#7f3593,hair
метод,10,1047,black,other
галька,10,1000,#1a3e5e,stone
золоуловитель,10,977,black,other
рот,10,943,#e0f506,hum
рукав,10,901,#efdb0b,tool
сожжение,10,858,#9944c5,impact:destr
пылеуловитель,10,836,black,other
хвост,10,834,#e0f506,hum
плечо,10,825,#a55a3a,space
шея,10,779,black,other
зонтик,10,758,#efdb0b,tool
веревка,10,738,#efdb0b,tool
подол,10,738,black,other
собака,10,699,#3c1f72,animal
лавина,10,695,#3dfd57,quant:max
бурение,10,689,black,other
шапка,10,659,#99d6fc,text
окно,10,651,#df4ea2,time
шоссе,10,635,#a55a3a,space
подушка,10,619,#efdb0b,tool
веник,10,607,#f5e528,tool:instr
булыжник,10,574,#1a3e5e,stone
тряпица,10,574,black,other
носок,10,569,#547d5b,tool:cloth
скруббер,10,568,black,other
электрофильтр,10,556,black,other
забор,10,552,#4378e4,poss
трусы,10,552,#547d5b,tool:cloth
галка,10,549,#3c1f72,animal
газоочистка,10,538,black,other
размол,10,530,#bb0c9a,impact:деление на части
просеивание,10,525,black,other
петух,10,520,#2ba0bd,hum$
смородина,10,519,#be10f4,plant
лошадь,10,512,#2ba0bd,hum$
чулок,10,500,#e4f564,форма
морда,10,492,black,other
сепарация,10,481,black,other
салфетка,10,481,#7d644f,linen
канат,10,475,#efdb0b,tool
сирень,10,473,#123f53,plant:@bush
протравливание,10,473,black,other
швабра,10,460,#f5e528,tool:instr
тушение,10,451,black,other
шляпа,10,439,#e0f506,hum
платформа,10,439,#a55a3a,space
щетка,10,435,#efdb0b,tool
химия,10,430,#2e1dbc,weather?
ступень,10,428,#6329da,sound
гимнастерка,10,426,#547d5b,tool:cloth
откос,10,425,#efdb0b,tool
юбка,10,424,#e0f506,hum
куртка,10,412,#547d5b,tool:cloth
крыло,10,406,black,other
блеск,10,400,#b584b2,stuff
ворона,10,395,#2ba0bd,hum$
пиджак,10,391,#547d5b,tool:cloth
лед,10,389,#b584b2,stuff
снегопад,10,381,#37d248,weather
рельс,10,379,#efdb0b,tool
ступенька,10,374,black,other
перрон,10,362,#2513a0,constr/space
тряпье,10,361,black,other
туфля,10,357,black,other
повязка,10,356,#efdb0b,tool
брусчатка,10,355,#a55a3a,space
лапа,10,354,black,other
купальник,10,352,#547d5b,tool:cloth
перо,10,350,#f5e528,tool:instr
самоизмельчение,10,344,black,other
весло,10,338,#f5e528,tool:instr
фуражка,10,332,#547d5b,tool:cloth
забой,10,327,#60bdd3,impact
полотно,10,326,#915c8a,workart
грохочение,10,321,black,other
чуб,10,313,#7f3593,hair
стол,10,310,#a55a3a,space
дол,10,298,#a55a3a,space
каша,10,297,#b87649,ment
зонт,10,295,#efdb0b,tool
окисление,10,291,black,other
картуз,10,291,#efdb0b,tool
гравий,10,288,#b584b2,stuff
формование,10,287,black,other
снежинка,10,286,black,other
пылеулавливание,10,285,black,other
мешковина,10,277,#b584b2,stuff
катализ,10,267,black,other
ватник,10,265,#547d5b,tool:cloth
конь,10,262,#efdb0b,tool
классификация,10,259,#b87649,ment
посол,10,259,#e0f506,hum
одеяло,10,252,#459c81,tool:@bedding
солонец,10,251,black,other
марля,10,251,#b584b2,stuff
край,10,250,#a55a3a,space
коса,10,248,#a55a3a,space
скатерть,10,247,#7d644f,linen
метла,10,246,#f5e528,tool:instr
вещь,10,241,#8b787a,workart/workmus/workdram/workcin/text
шлифовка,10,234,black,other
платочек,10,232,black,other
трение,10,231,#770e03,inter
веревочка,10,228,black,other
майка,10,226,#547d5b,tool:cloth
двор,10,223,#26f855,org
клеенка,10,223,#b584b2,stuff
режим,10,223,#057e25,time?
гранит,10,222,#b584b2,stuff
цех,10,221,#26f855,org
костюм,10,221,#547d5b,tool:cloth
кулак,10,220,#e0f506,hum
хранение,10,220,black,other
кисть,10,219,#3f2ae1,food
бурьян,10,217,#a55a3a,space
мех,10,216,#b584b2,stuff
невод,10,214,#efdb0b,tool
ноздря,10,214,black,other
рукавица,10,212,#547d5b,tool:cloth
лохмотья,10,207,black,other
лапоть,10,207,#067059,tool:cloth:@boot
колено,10,206,#2b6bb7,move
теленок,10,206,#3c1f72,animal
парус,10,204,#efdb0b,tool
воробей,10,203,#3c1f72,animal
комочек,10,202,black,other
трусики,10,196,#547d5b,tool:cloth
поцелуй,10,196,#236eba,воздействие на человека
мосток,10,193,black,other
штанишки,10,193,black,other
рассев,10,193,black,other
окурок,10,193,#3b4c0f,thing
фильтр,10,192,#efdb0b,tool
фигура,10,192,#e0f506,hum
плавки,10,191,#547d5b,tool:cloth
уборка,10,190,#0d518d,action
борт,10,190,#a55a3a,space
кепка,10,185,#547d5b,tool:cloth
бровь,10,183,black,other
газгольдер,10,183,black,other
рогожа,10,183,#b584b2,stuff
вьюга,10,182,#37d248,weather
глянец,10,181,#93e908,light/внешний вид
полоска,10,181,black,other
флаг,10,179,#9a1135,sign:знамя
прут,10,178,#3b4c0f,thing
шлифование,10,176,black,other
полушубок,10,175,#547d5b,tool:cloth
лысина,10,174,#a55a3a,space
космы,10,169,#7f3593,hair
кудри,10,168,#2420af,hair/form
кура,10,165,#3c1f72,animal
бульвар,10,165,#a55a3a,space
грануляция,10,164,#2e1dbc,weather?
дождевик,10,164,#547d5b,tool:cloth
крыльцо,10,162,black,other
веко,10,162,black,other
рост,10,162,#007d55,physiol/param
щенок,10,160,#2ba0bd,hum$
тополь,10,159,#be10f4,plant
бумажка,10,157,#f8df86,money:banknote
гора,10,156,#a55a3a,space
холст,10,156,#b584b2,stuff
халат,10,155,#547d5b,tool:cloth
шерстка,10,155,black,other
пес,10,155,#2ba0bd,hum$
грива,10,152,#a55a3a,space
воротник,10,152,black,other
кошка,10,152,#3c1f72,animal
ковер,10,151,#b584b2,stuff
тельце,10,151,#b584b2,stuff
птица,10,150,#2ba0bd,hum$
бурка,10,149,#547d5b,tool:cloth
штанина,10,148,black,other
варежка,10,147,#547d5b,tool:cloth
ведро,10,147,#6ac6d4,unit
псина,10,144,#20d0a8,smell
башмак,10,143,#efdb0b,tool
ворон,10,143,#3c1f72,animal
ладошка,10,142,black,other
зад,10,141,#a55a3a,space
накидка,10,141,#f1774a,tool:@bedding/linen
шуба,10,140,#28c8d9,hair$
волочение,10,140,black,other
мышь,10,140,#3c1f72,animal
доспехи,10,139,black,other
настил,10,138,#928a92,constr:настил
пепел,10,136,#b584b2,stuff
подбородок,10,136,black,other
круг,10,136,#10c929,form
столб,10,135,#bc5b0a,constr
фартук,10,134,#efdb0b,tool
панель,10,131,#efdb0b,tool
пилотка,10,129,#547d5b,tool:cloth
прессование,10,129,black,other
сарафан,10,128,#547d5b,tool:cloth
тарелка,10,128,#5248aa,tool:mus
май,10,127,#b7316e,time:month
телогрейка,10,127,#547d5b,tool:cloth
капюшон,10,125,#547d5b,tool:cloth
пятнышко,10,125,black,other
выпадение,10,124,black,other
клочок,10,123,black,other
узел,10,122,#efdb0b,tool
носик,10,122,black,other
крапива,10,122,#be10f4,plant
валун,10,121,#1a3e5e,stone
бинт,10,121,#efdb0b,tool
дождь,10,121,#37d248,weather
ложка,10,115,#5248aa,tool:mus
месиво,10,115,#5a143d,stuff/food:fodder
отделка,10,114,#60bdd3,impact
стакан,10,114,#663eb1,tool:dish
круп,10,114,#82cd77,disease
площадь,10,114,#37ad14,room/space
прядка,10,113,black,other
дробление,10,113,black,other
вихор,10,112,#10c929,form
огорожа,10,112,black,other
одежа,10,112,black,other
войлок,10,112,#b584b2,stuff
ступня,10,110,black,other
полотнище,10,110,black,other
скука,10,109,#4aed5d,psych:emot
закладка,10,109,#efdb0b,tool
днище,10,108,black,other
перчатка,10,105,#8bd548,tool/tool:cloth$
кашель,10,105,#82cd77,disease
портки,10,104,#547d5b,tool:cloth
печать,10,104,#0512ee,sign
снимок,10,104,#915c8a,workart
мордочка,10,103,black,other
подоконник,10,102,black,other
мочалка,10,101,#efdb0b,tool
сквер,10,101,#a55a3a,space
косица,10,100,black,other
папоротник,10,99,black,other
шлепок,10,99,#60bdd3,impact
смешение,10,98,black,other
сосулька,10,98,black,other
лента,10,97,#4c1fab,workcin
затылок,10,97,#a55a3a,space
прилавок,10,97,#bf18ef,tool:furn$
глазок,10,96,#a55a3a,space
полынь,10,96,#be10f4,plant
щебень,10,96,#b584b2,stuff
кровля,10,96,black,other
обмундирование,10,96,black,other
бредень,10,96,#efdb0b,tool
подштанники,10,95,#547d5b,tool:cloth
парусина,10,95,#b584b2,stuff
минерализация,10,94,black,other
улавливание,10,93,black,other
труба,10,93,#5248aa,tool:mus
живот,10,93,#4fe8b7,be:exist
шкот,10,92,black,other
мелочь,10,92,black,other
мыло,10,92,#b584b2,stuff
мир,10,91,#770e03,inter
стойка,10,91,#42c616,tool:furn
огонь,10,90,#b9456e,manif:disease
лужок,10,89,#a55a3a,space
солнце,10,89,#a55a3a,space
ватка,10,89,#b584b2,stuff
очки,10,87,#efdb0b,tool
окошко,10,86,#f943c5,tool/space
пудель,10,86,#3c1f72,animal
колесо,10,86,#8d30a9,tool:transp
фотография,10,84,#26f855,org
иван,10,84,black,other
онуча,10,82,#547d5b,tool:cloth
осаждение,10,81,black,other
джинсы,10,81,#547d5b,tool:cloth
гумно,10,80,#281004,space/constr
рыло,10,79,black,other
операция,10,79,#0d518d,action
челка,10,78,#7f3593,hair
кручение,10,78,black,other
зазимок,10,78,#b584b2,stuff
щит,10,76,#a55a3a,space
зуб,10,76,#efdb0b,tool
обеспыливание,10,75,black,other
усик,10,75,#7f3593,hair
пряник,10,74,#f413a3,food/изделие
пурга,10,73,#37d248,weather
шлепка,10,73,black,other
рванье,10,73,#fc1557,impact:нарушение целостности
афиша,10,72,#99d6fc,text
сорочка,10,72,#547d5b,tool:cloth
метелица,10,72,#37d248,weather
все,10,71,black,other
гильза,10,71,black,other
телеграмма,10,70,#99d6fc,text
локон,10,69,#2420af,hair/form
золоулавливание,10,69,black,other
кисточка,10,68,black,other
пожня,10,68,#5a3278,space/plot
душонка,10,68,black,other
провизия,10,68,#3f2ae1,food
покрытие,10,67,#8802ef,stuff/tool
осока,10,66,#be10f4,plant
камешек,10,66,black,other
ухо,10,65,#efdb0b,tool
поручень,10,65,#efdb0b,tool
жижа,10,64,#407762,stuff/liq
хруст,10,64,#6329da,sound
тюк,10,64,#efdb0b,tool
холм,10,64,#a55a3a,space
пашня,10,64,#5a3278,space/plot
полог,10,64,#efdb0b,tool
конница,10,64,#7684f1,group
листочек,10,63,black,other
плеть,10,63,#bc5b0a,constr
котенок,10,63,#2ba0bd,hum$
плетень,10,63,#bc5b0a,constr
чай,10,61,#8f3c7b,stuff/food/liq
консервация,10,61,black,other
слеза,10,61,#b584b2,stuff
кот,10,60,#2ba0bd,hum$
травинка,10,60,#be10f4,plant
амуниция,10,60,black,other
мяч,10,59,#efdb0b,tool
дрань,10,59,black,other
охотник,10,59,#e0f506,hum
паутина,10,59,#b584b2,stuff
толпа,10,59,#7684f1,group
столик,10,59,#42c616,tool:furn
ветошь,10,59,black,other
крыса,10,59,#3c1f72,animal
перышко,10,59,#28c8d9,hair$
бушлат,10,58,#547d5b,tool:cloth
слива,10,58,#be10f4,plant
регенерация,10,57,#d48798,impact:creat
звезда,10,57,#2ee668,sign/form
развод,10,57,#be9528,inter:прекращение
одежонка,10,57,black,other
трос,10,57,#efdb0b,tool
сероочистка,10,57,black,other
свитер,10,56,#547d5b,tool:cloth
сосок,10,56,black,other
шаровары,10,56,#547d5b,tool:cloth
свет,10,55,#e0f506,hum
соус,10,55,#b584b2,stuff
солдат,10,55,#e0f506,hum
калоша,10,55,black,other
мол,10,54,#bc5b0a,constr
столица,10,54,#a55a3a,space
шина,10,54,#efdb0b,tool
трус,10,54,#e0f506,hum
трясина,10,54,#a55a3a,space
пакет,10,54,#efdb0b,tool
космос,10,53,#a55a3a,space
кашица,10,53,#b584b2,stuff
трикотаж,10,53,black,other
васька,10,52,black,other
башмачок,10,52,black,other
лоза,10,52,#10c929,form
пылеподавление,10,52,black,other
броня,10,51,#b584b2,stuff
верхушка,10,51,#b87649,ment
узелок,10,51,black,other
сидение,10,51,black,other
тонкошея,10,51,black,other
березка,10,51,black,other
перекладина,10,51,#efdb0b,tool
ромашка,10,51,#b584b2,stuff
личико,10,51,black,other
отражение,10,51,#247780,ment?
труп,10,50,black,other
башлык,10,50,#547d5b,tool:cloth
девочка,10,50,#e13605,animal$
нитка,10,50,#10c929,form
пряжа,10,50,#b584b2,stuff
ракита,10,50,#be10f4,plant
козырек,10,49,black,other
жгут,10,48,#efdb0b,tool
шлепанье,10,48,black,other
карман,10,48,#a55a3a,space
компресс,10,48,#efdb0b,tool
хром,10,48,#b584b2,stuff
рюмка,10,48,#663eb1,tool:dish
парк,10,48,#26f855,org
девка,10,48,#e0f506,hum
ветошка,10,47,black,other
щебенка,10,47,#b584b2,stuff
стук,10,47,#822b21,sound:@asp
извозчик,10,47,#5db35f,hum/prof
пасть,10,47,black,other
роба,10,47,#547d5b,tool:cloth
кнут,10,47,black,other
хребет,10,47,#a55a3a,space
подмышка,10,46,#a55a3a,space
стог,10,46,black,other
рубашонка,10,46,black,other
наст,10,46,#b584b2,stuff
прах,10,46,#b584b2,stuff
завиток,10,46,#2420af,hair/form
висок,10,46,black,other
набережная,10,46,#a55a3a,space
валежин,10,45,black,other
камыш,10,45,#a55a3a,space
опорок,10,45,black,other
торец,10,45,#a55a3a,space
кабинка,10,45,black,other
травка,10,45,#b584b2,stuff
пяток,10,45,black,other
бутылочка,10,44,black,other
центифолия,10,44,black,other
комбинезон,10,44,#547d5b,tool:cloth
порт,10,44,#26f855,org
рюкзак,10,44,#efdb0b,tool
коленка,10,44,black,other
прикосновение,10,44,#1b54e1,контакт
голубь,10,44,#2ba0bd,hum$
подошва,10,44,#a55a3a,space
поршень,10,44,black,other
шнур,10,43,#efdb0b,tool
лепесток,10,43,#10c929,form
цепь,10,43,#10c929,form
отрепье,10,43,black,other
цыпленок,10,43,#3c1f72,animal
кошелек,10,43,#efdb0b,tool
собачонка,10,42,black,other
глыба,10,42,#1a3e5e,stone
капитан,10,42,#e0f506,hum
падь,10,42,black,other
куртина,10,42,#bc5b0a,constr
чемодан,10,42,#efdb0b,tool
пучок,10,42,black,other
сноп,10,42,black,other
чекмень,10,42,#547d5b,tool:cloth
лог,10,42,#a55a3a,space
косынка,10,41,#547d5b,tool:cloth
сдача,10,41,#770e03,inter
спица,10,41,black,other
кофта,10,41,#547d5b,tool:cloth
трап,10,41,#efdb0b,tool
власы,10,40,#7f3593,hair
письмо,10,40,#01c659,asp
брюхо,10,40,#a55a3a,space
локоть,10,40,#6ac6d4,unit
сетка,10,40,#efdb0b,tool
зеркало,10,40,#37026f,param$
